
 /----------------------------------------------------------------------------\
 |                                                                            |
 |  yosys -- Yosys Open SYnthesis Suite                                       |
 |                                                                            |
 |  Copyright (C) 2012 - 2020  Claire Xenia Wolf <claire@yosyshq.com>         |
 |                                                                            |
 |  Permission to use, copy, modify, and/or distribute this software for any  |
 |  purpose with or without fee is hereby granted, provided that the above    |
 |  copyright notice and this permission notice appear in all copies.         |
 |                                                                            |
 |  THE SOFTWARE IS PROVIDED "AS IS" AND THE AUTHOR DISCLAIMS ALL WARRANTIES  |
 |  WITH REGARD TO THIS SOFTWARE INCLUDING ALL IMPLIED WARRANTIES OF          |
 |  MERCHANTABILITY AND FITNESS. IN NO EVENT SHALL THE AUTHOR BE LIABLE FOR   |
 |  ANY SPECIAL, DIRECT, INDIRECT, OR CONSEQUENTIAL DAMAGES OR ANY DAMAGES    |
 |  WHATSOEVER RESULTING FROM LOSS OF USE, DATA OR PROFITS, WHETHER IN AN     |
 |  ACTION OF CONTRACT, NEGLIGENCE OR OTHER TORTIOUS ACTION, ARISING OUT OF   |
 |  OR IN CONNECTION WITH THE USE OR PERFORMANCE OF THIS SOFTWARE.            |
 |                                                                            |
 \----------------------------------------------------------------------------/

 Yosys 0.26+1 (git sha1 b1a011138, x86_64-w64-mingw32-g++ 9.2.1 -Os)


-- Running command `read_verilog -sv ../design/B1_lector_teclado.sv ../design/B2_antreb.sv ../design/B3_almacenar_numeros.sv ../design/B4_sumar_numero.sv ../design/bin2bcd.sv ../design/display_decoder.sv ../design/display_multiplexer.sv ../design/display_selector.sv ../design/FSM_calculadora.sv ../design/top.sv ; synth_gowin -top top  -json adder.json' --

1. Executing Verilog-2005 frontend: ../design/B1_lector_teclado.sv
Parsing SystemVerilog input from `../design/B1_lector_teclado.sv' to AST representation.
Generating RTLIL representation for module `\B1_lector_teclado'.
Successfully finished Verilog frontend.

2. Executing Verilog-2005 frontend: ../design/B2_antreb.sv
Parsing SystemVerilog input from `../design/B2_antreb.sv' to AST representation.
Generating RTLIL representation for module `\B2_antreb'.
Successfully finished Verilog frontend.

3. Executing Verilog-2005 frontend: ../design/B3_almacenar_numeros.sv
Parsing SystemVerilog input from `../design/B3_almacenar_numeros.sv' to AST representation.
Generating RTLIL representation for module `\B3_almacenar_numeros'.
Successfully finished Verilog frontend.

4. Executing Verilog-2005 frontend: ../design/B4_sumar_numero.sv
Parsing SystemVerilog input from `../design/B4_sumar_numero.sv' to AST representation.
Generating RTLIL representation for module `\B4_sumador'.
Successfully finished Verilog frontend.

5. Executing Verilog-2005 frontend: ../design/bin2bcd.sv
Parsing SystemVerilog input from `../design/bin2bcd.sv' to AST representation.
Generating RTLIL representation for module `\bin2bcd'.
Successfully finished Verilog frontend.

6. Executing Verilog-2005 frontend: ../design/display_decoder.sv
Parsing SystemVerilog input from `../design/display_decoder.sv' to AST representation.
Generating RTLIL representation for module `\disp_decoder'.
Successfully finished Verilog frontend.

7. Executing Verilog-2005 frontend: ../design/display_multiplexer.sv
Parsing SystemVerilog input from `../design/display_multiplexer.sv' to AST representation.
Generating RTLIL representation for module `\disp_mux'.
Successfully finished Verilog frontend.

8. Executing Verilog-2005 frontend: ../design/display_selector.sv
Parsing SystemVerilog input from `../design/display_selector.sv' to AST representation.
Generating RTLIL representation for module `\display_selector'.
Successfully finished Verilog frontend.

9. Executing Verilog-2005 frontend: ../design/FSM_calculadora.sv
Parsing SystemVerilog input from `../design/FSM_calculadora.sv' to AST representation.
Generating RTLIL representation for module `\FSM_calculadora'.
Successfully finished Verilog frontend.

10. Executing Verilog-2005 frontend: ../design/top.sv
Parsing SystemVerilog input from `../design/top.sv' to AST representation.
Generating RTLIL representation for module `\top'.
Successfully finished Verilog frontend.

11. Executing SYNTH_GOWIN pass.

11.1. Executing Verilog-2005 frontend: c:\Users\david\OneDrive\ESCRIT~1\Nacho\TEC\virus\OSS-CA~1\bin\../share/yosys/gowin/cells_sim.v
Parsing Verilog input from `c:\Users\david\OneDrive\ESCRIT~1\Nacho\TEC\virus\OSS-CA~1\bin\../share/yosys/gowin/cells_sim.v' to AST representation.
Generating RTLIL representation for module `\LUT1'.
Generating RTLIL representation for module `\LUT2'.
Generating RTLIL representation for module `\LUT3'.
Generating RTLIL representation for module `\LUT4'.
Generating RTLIL representation for module `\__APICULA_LUT5'.
Generating RTLIL representation for module `\__APICULA_LUT6'.
Generating RTLIL representation for module `\__APICULA_LUT7'.
Generating RTLIL representation for module `\__APICULA_LUT8'.
Generating RTLIL representation for module `\MUX2'.
Generating RTLIL representation for module `\MUX2_LUT5'.
Generating RTLIL representation for module `\MUX2_LUT6'.
Generating RTLIL representation for module `\MUX2_LUT7'.
Generating RTLIL representation for module `\MUX2_LUT8'.
Generating RTLIL representation for module `\DFF'.
Generating RTLIL representation for module `\DFFE'.
Generating RTLIL representation for module `\DFFS'.
Generating RTLIL representation for module `\DFFSE'.
Generating RTLIL representation for module `\DFFR'.
Generating RTLIL representation for module `\DFFRE'.
Generating RTLIL representation for module `\DFFP'.
Generating RTLIL representation for module `\DFFPE'.
Generating RTLIL representation for module `\DFFC'.
Generating RTLIL representation for module `\DFFCE'.
Generating RTLIL representation for module `\DFFN'.
Generating RTLIL representation for module `\DFFNE'.
Generating RTLIL representation for module `\DFFNS'.
Generating RTLIL representation for module `\DFFNSE'.
Generating RTLIL representation for module `\DFFNR'.
Generating RTLIL representation for module `\DFFNRE'.
Generating RTLIL representation for module `\DFFNP'.
Generating RTLIL representation for module `\DFFNPE'.
Generating RTLIL representation for module `\DFFNC'.
Generating RTLIL representation for module `\DFFNCE'.
Generating RTLIL representation for module `\VCC'.
Generating RTLIL representation for module `\GND'.
Generating RTLIL representation for module `\IBUF'.
Generating RTLIL representation for module `\OBUF'.
Generating RTLIL representation for module `\TBUF'.
Generating RTLIL representation for module `\IOBUF'.
Generating RTLIL representation for module `\TLVDS_OBUF'.
Generating RTLIL representation for module `\ODDR'.
Generating RTLIL representation for module `\ODDRC'.
Generating RTLIL representation for module `\GSR'.
Generating RTLIL representation for module `\ALU'.
Generating RTLIL representation for module `\RAM16S1'.
Generating RTLIL representation for module `\RAM16S2'.
Generating RTLIL representation for module `\RAM16S4'.
Generating RTLIL representation for module `\RAM16SDP1'.
Generating RTLIL representation for module `\RAM16SDP2'.
Generating RTLIL representation for module `\RAM16SDP4'.
Generating RTLIL representation for module `\SP'.
Generating RTLIL representation for module `\SPX9'.
Generating RTLIL representation for module `\SDP'.
Generating RTLIL representation for module `\SDPX9'.
Generating RTLIL representation for module `\DP'.
Generating RTLIL representation for module `\DPX9'.
Generating RTLIL representation for module `\rPLL'.
Generating RTLIL representation for module `\PLLVR'.
Generating RTLIL representation for module `\OSC'.
Generating RTLIL representation for module `\OSCZ'.
Generating RTLIL representation for module `\OSCF'.
Generating RTLIL representation for module `\OSCH'.
Successfully finished Verilog frontend.

11.2. Executing HIERARCHY pass (managing design hierarchy).

11.2.1. Analyzing design hierarchy..
Top module:  \top
Used module:     \disp_decoder
Used module:     \disp_mux
Used module:     \display_selector
Used module:     \bin2bcd
Used module:     \B4_sumador
Used module:     \B3_almacenar_numeros
Used module:     \FSM_calculadora
Used module:     \B1_lector_teclado

11.2.2. Analyzing design hierarchy..
Top module:  \top
Used module:     \disp_decoder
Used module:     \disp_mux
Used module:     \display_selector
Used module:     \bin2bcd
Used module:     \B4_sumador
Used module:     \B3_almacenar_numeros
Used module:     \FSM_calculadora
Used module:     \B1_lector_teclado
Removing unused module `\B2_antreb'.
Removed 1 unused modules.

11.3. Executing PROC pass (convert processes to netlists).

11.3.1. Executing PROC_CLEAN pass (remove empty switches from decision trees).
Found and cleaned up 1 empty switch in `\ALU.$proc$c:\Users\david\OneDrive\ESCRIT~1\Nacho\TEC\virus\OSS-CA~1\bin\../share/yosys/gowin/cells_sim.v:661$390'.
Cleaned up 1 empty switch.

11.3.2. Executing PROC_RMDEAD pass (remove dead branches from decision trees).
Marked 1 switch rules as full_case in process $proc$c:\Users\david\OneDrive\ESCRIT~1\Nacho\TEC\virus\OSS-CA~1\bin\../share/yosys/gowin/cells_sim.v:535$386 in module DFFNCE.
Marked 1 switch rules as full_case in process $proc$c:\Users\david\OneDrive\ESCRIT~1\Nacho\TEC\virus\OSS-CA~1\bin\../share/yosys/gowin/cells_sim.v:515$384 in module DFFNC.
Marked 1 switch rules as full_case in process $proc$c:\Users\david\OneDrive\ESCRIT~1\Nacho\TEC\virus\OSS-CA~1\bin\../share/yosys/gowin/cells_sim.v:496$382 in module DFFNPE.
Marked 1 switch rules as full_case in process $proc$c:\Users\david\OneDrive\ESCRIT~1\Nacho\TEC\virus\OSS-CA~1\bin\../share/yosys/gowin/cells_sim.v:476$380 in module DFFNP.
Marked 1 switch rules as full_case in process $proc$c:\Users\david\OneDrive\ESCRIT~1\Nacho\TEC\virus\OSS-CA~1\bin\../share/yosys/gowin/cells_sim.v:457$378 in module DFFNRE.
Marked 1 switch rules as full_case in process $proc$c:\Users\david\OneDrive\ESCRIT~1\Nacho\TEC\virus\OSS-CA~1\bin\../share/yosys/gowin/cells_sim.v:437$376 in module DFFNR.
Marked 1 switch rules as full_case in process $proc$c:\Users\david\OneDrive\ESCRIT~1\Nacho\TEC\virus\OSS-CA~1\bin\../share/yosys/gowin/cells_sim.v:418$374 in module DFFNSE.
Marked 1 switch rules as full_case in process $proc$c:\Users\david\OneDrive\ESCRIT~1\Nacho\TEC\virus\OSS-CA~1\bin\../share/yosys/gowin/cells_sim.v:398$372 in module DFFNS.
Marked 1 switch rules as full_case in process $proc$c:\Users\david\OneDrive\ESCRIT~1\Nacho\TEC\virus\OSS-CA~1\bin\../share/yosys/gowin/cells_sim.v:348$366 in module DFFCE.
Marked 1 switch rules as full_case in process $proc$c:\Users\david\OneDrive\ESCRIT~1\Nacho\TEC\virus\OSS-CA~1\bin\../share/yosys/gowin/cells_sim.v:328$364 in module DFFC.
Marked 1 switch rules as full_case in process $proc$c:\Users\david\OneDrive\ESCRIT~1\Nacho\TEC\virus\OSS-CA~1\bin\../share/yosys/gowin/cells_sim.v:309$362 in module DFFPE.
Marked 1 switch rules as full_case in process $proc$c:\Users\david\OneDrive\ESCRIT~1\Nacho\TEC\virus\OSS-CA~1\bin\../share/yosys/gowin/cells_sim.v:289$360 in module DFFP.
Marked 1 switch rules as full_case in process $proc$c:\Users\david\OneDrive\ESCRIT~1\Nacho\TEC\virus\OSS-CA~1\bin\../share/yosys/gowin/cells_sim.v:270$358 in module DFFRE.
Marked 1 switch rules as full_case in process $proc$c:\Users\david\OneDrive\ESCRIT~1\Nacho\TEC\virus\OSS-CA~1\bin\../share/yosys/gowin/cells_sim.v:250$356 in module DFFR.
Marked 1 switch rules as full_case in process $proc$c:\Users\david\OneDrive\ESCRIT~1\Nacho\TEC\virus\OSS-CA~1\bin\../share/yosys/gowin/cells_sim.v:231$354 in module DFFSE.
Marked 1 switch rules as full_case in process $proc$c:\Users\david\OneDrive\ESCRIT~1\Nacho\TEC\virus\OSS-CA~1\bin\../share/yosys/gowin/cells_sim.v:211$352 in module DFFS.
Marked 6 switch rules as full_case in process $proc$../design/FSM_calculadora.sv:0$157 in module FSM_calculadora.
Marked 1 switch rules as full_case in process $proc$../design/FSM_calculadora.sv:30$155 in module FSM_calculadora.
Marked 1 switch rules as full_case in process $proc$../design/display_selector.sv:0$154 in module display_selector.
Removed 1 dead cases from process $proc$../design/display_multiplexer.sv:0$153 in module disp_mux.
Marked 1 switch rules as full_case in process $proc$../design/display_multiplexer.sv:0$153 in module disp_mux.
Marked 1 switch rules as full_case in process $proc$../design/display_multiplexer.sv:12$150 in module disp_mux.
Marked 1 switch rules as full_case in process $proc$../design/display_decoder.sv:0$149 in module disp_decoder.
Marked 48 switch rules as full_case in process $proc$../design/bin2bcd.sv:0$40 in module bin2bcd.
Marked 2 switch rules as full_case in process $proc$../design/B4_sumar_numero.sv:33$36 in module B4_sumador.
Marked 2 switch rules as full_case in process $proc$../design/B3_almacenar_numeros.sv:37$21 in module B3_almacenar_numeros.
Marked 1 switch rules as full_case in process $proc$../design/B3_almacenar_numeros.sv:25$17 in module B3_almacenar_numeros.
Marked 13 switch rules as full_case in process $proc$../design/B1_lector_teclado.sv:34$6 in module B1_lector_teclado.
Marked 1 switch rules as full_case in process $proc$../design/B1_lector_teclado.sv:16$1 in module B1_lector_teclado.
Removed a total of 1 dead cases.

11.3.3. Executing PROC_PRUNE pass (remove redundant assignments in processes).
Removed 12 redundant assignments.
Promoted 51 assignments to connections.

11.3.4. Executing PROC_INIT pass (extract init attributes).
Found init rule in `\DFFNCE.$proc$c:\Users\david\OneDrive\ESCRIT~1\Nacho\TEC\virus\OSS-CA~1\bin\../share/yosys/gowin/cells_sim.v:0$387'.
  Set init value: \Q = 1'0
Found init rule in `\DFFNC.$proc$c:\Users\david\OneDrive\ESCRIT~1\Nacho\TEC\virus\OSS-CA~1\bin\../share/yosys/gowin/cells_sim.v:0$385'.
  Set init value: \Q = 1'0
Found init rule in `\DFFNPE.$proc$c:\Users\david\OneDrive\ESCRIT~1\Nacho\TEC\virus\OSS-CA~1\bin\../share/yosys/gowin/cells_sim.v:0$383'.
  Set init value: \Q = 1'1
Found init rule in `\DFFNP.$proc$c:\Users\david\OneDrive\ESCRIT~1\Nacho\TEC\virus\OSS-CA~1\bin\../share/yosys/gowin/cells_sim.v:0$381'.
  Set init value: \Q = 1'1
Found init rule in `\DFFNRE.$proc$c:\Users\david\OneDrive\ESCRIT~1\Nacho\TEC\virus\OSS-CA~1\bin\../share/yosys/gowin/cells_sim.v:0$379'.
  Set init value: \Q = 1'0
Found init rule in `\DFFNR.$proc$c:\Users\david\OneDrive\ESCRIT~1\Nacho\TEC\virus\OSS-CA~1\bin\../share/yosys/gowin/cells_sim.v:0$377'.
  Set init value: \Q = 1'0
Found init rule in `\DFFNSE.$proc$c:\Users\david\OneDrive\ESCRIT~1\Nacho\TEC\virus\OSS-CA~1\bin\../share/yosys/gowin/cells_sim.v:0$375'.
  Set init value: \Q = 1'1
Found init rule in `\DFFNS.$proc$c:\Users\david\OneDrive\ESCRIT~1\Nacho\TEC\virus\OSS-CA~1\bin\../share/yosys/gowin/cells_sim.v:0$373'.
  Set init value: \Q = 1'1
Found init rule in `\DFFNE.$proc$c:\Users\david\OneDrive\ESCRIT~1\Nacho\TEC\virus\OSS-CA~1\bin\../share/yosys/gowin/cells_sim.v:0$371'.
  Set init value: \Q = 1'0
Found init rule in `\DFFN.$proc$c:\Users\david\OneDrive\ESCRIT~1\Nacho\TEC\virus\OSS-CA~1\bin\../share/yosys/gowin/cells_sim.v:0$369'.
  Set init value: \Q = 1'0
Found init rule in `\DFFCE.$proc$c:\Users\david\OneDrive\ESCRIT~1\Nacho\TEC\virus\OSS-CA~1\bin\../share/yosys/gowin/cells_sim.v:0$367'.
  Set init value: \Q = 1'0
Found init rule in `\DFFC.$proc$c:\Users\david\OneDrive\ESCRIT~1\Nacho\TEC\virus\OSS-CA~1\bin\../share/yosys/gowin/cells_sim.v:0$365'.
  Set init value: \Q = 1'0
Found init rule in `\DFFPE.$proc$c:\Users\david\OneDrive\ESCRIT~1\Nacho\TEC\virus\OSS-CA~1\bin\../share/yosys/gowin/cells_sim.v:0$363'.
  Set init value: \Q = 1'1
Found init rule in `\DFFP.$proc$c:\Users\david\OneDrive\ESCRIT~1\Nacho\TEC\virus\OSS-CA~1\bin\../share/yosys/gowin/cells_sim.v:0$361'.
  Set init value: \Q = 1'1
Found init rule in `\DFFRE.$proc$c:\Users\david\OneDrive\ESCRIT~1\Nacho\TEC\virus\OSS-CA~1\bin\../share/yosys/gowin/cells_sim.v:0$359'.
  Set init value: \Q = 1'0
Found init rule in `\DFFR.$proc$c:\Users\david\OneDrive\ESCRIT~1\Nacho\TEC\virus\OSS-CA~1\bin\../share/yosys/gowin/cells_sim.v:0$357'.
  Set init value: \Q = 1'0
Found init rule in `\DFFSE.$proc$c:\Users\david\OneDrive\ESCRIT~1\Nacho\TEC\virus\OSS-CA~1\bin\../share/yosys/gowin/cells_sim.v:0$355'.
  Set init value: \Q = 1'1
Found init rule in `\DFFS.$proc$c:\Users\david\OneDrive\ESCRIT~1\Nacho\TEC\virus\OSS-CA~1\bin\../share/yosys/gowin/cells_sim.v:0$353'.
  Set init value: \Q = 1'1
Found init rule in `\DFFE.$proc$c:\Users\david\OneDrive\ESCRIT~1\Nacho\TEC\virus\OSS-CA~1\bin\../share/yosys/gowin/cells_sim.v:0$351'.
  Set init value: \Q = 1'0
Found init rule in `\DFF.$proc$c:\Users\david\OneDrive\ESCRIT~1\Nacho\TEC\virus\OSS-CA~1\bin\../share/yosys/gowin/cells_sim.v:0$349'.
  Set init value: \Q = 1'0
Found init rule in `\B1_lector_teclado.$proc$../design/B1_lector_teclado.sv:10$8'.
  Set init value: \estado = 2'00
Found init rule in `\B1_lector_teclado.$proc$../design/B1_lector_teclado.sv:9$7'.
  Set init value: \contador = 25'0000000000000000000000000

11.3.5. Executing PROC_ARST pass (detect async resets in processes).
Found async reset \CLEAR in `\DFFNCE.$proc$c:\Users\david\OneDrive\ESCRIT~1\Nacho\TEC\virus\OSS-CA~1\bin\../share/yosys/gowin/cells_sim.v:535$386'.
Found async reset \CLEAR in `\DFFNC.$proc$c:\Users\david\OneDrive\ESCRIT~1\Nacho\TEC\virus\OSS-CA~1\bin\../share/yosys/gowin/cells_sim.v:515$384'.
Found async reset \PRESET in `\DFFNPE.$proc$c:\Users\david\OneDrive\ESCRIT~1\Nacho\TEC\virus\OSS-CA~1\bin\../share/yosys/gowin/cells_sim.v:496$382'.
Found async reset \PRESET in `\DFFNP.$proc$c:\Users\david\OneDrive\ESCRIT~1\Nacho\TEC\virus\OSS-CA~1\bin\../share/yosys/gowin/cells_sim.v:476$380'.
Found async reset \CLEAR in `\DFFCE.$proc$c:\Users\david\OneDrive\ESCRIT~1\Nacho\TEC\virus\OSS-CA~1\bin\../share/yosys/gowin/cells_sim.v:348$366'.
Found async reset \CLEAR in `\DFFC.$proc$c:\Users\david\OneDrive\ESCRIT~1\Nacho\TEC\virus\OSS-CA~1\bin\../share/yosys/gowin/cells_sim.v:328$364'.
Found async reset \PRESET in `\DFFPE.$proc$c:\Users\david\OneDrive\ESCRIT~1\Nacho\TEC\virus\OSS-CA~1\bin\../share/yosys/gowin/cells_sim.v:309$362'.
Found async reset \PRESET in `\DFFP.$proc$c:\Users\david\OneDrive\ESCRIT~1\Nacho\TEC\virus\OSS-CA~1\bin\../share/yosys/gowin/cells_sim.v:289$360'.

11.3.6. Executing PROC_ROM pass (convert switches to ROMs).
Converted 1 switch.
<suppressed ~97 debug messages>

11.3.7. Executing PROC_MUX pass (convert decision trees to multiplexers).
Creating decoders for process `\ALU.$proc$c:\Users\david\OneDrive\ESCRIT~1\Nacho\TEC\virus\OSS-CA~1\bin\../share/yosys/gowin/cells_sim.v:661$390'.
Creating decoders for process `\DFFNCE.$proc$c:\Users\david\OneDrive\ESCRIT~1\Nacho\TEC\virus\OSS-CA~1\bin\../share/yosys/gowin/cells_sim.v:0$387'.
Creating decoders for process `\DFFNCE.$proc$c:\Users\david\OneDrive\ESCRIT~1\Nacho\TEC\virus\OSS-CA~1\bin\../share/yosys/gowin/cells_sim.v:535$386'.
     1/1: $0\Q[0:0]
Creating decoders for process `\DFFNC.$proc$c:\Users\david\OneDrive\ESCRIT~1\Nacho\TEC\virus\OSS-CA~1\bin\../share/yosys/gowin/cells_sim.v:0$385'.
Creating decoders for process `\DFFNC.$proc$c:\Users\david\OneDrive\ESCRIT~1\Nacho\TEC\virus\OSS-CA~1\bin\../share/yosys/gowin/cells_sim.v:515$384'.
     1/1: $0\Q[0:0]
Creating decoders for process `\DFFNPE.$proc$c:\Users\david\OneDrive\ESCRIT~1\Nacho\TEC\virus\OSS-CA~1\bin\../share/yosys/gowin/cells_sim.v:0$383'.
Creating decoders for process `\DFFNPE.$proc$c:\Users\david\OneDrive\ESCRIT~1\Nacho\TEC\virus\OSS-CA~1\bin\../share/yosys/gowin/cells_sim.v:496$382'.
     1/1: $0\Q[0:0]
Creating decoders for process `\DFFNP.$proc$c:\Users\david\OneDrive\ESCRIT~1\Nacho\TEC\virus\OSS-CA~1\bin\../share/yosys/gowin/cells_sim.v:0$381'.
Creating decoders for process `\DFFNP.$proc$c:\Users\david\OneDrive\ESCRIT~1\Nacho\TEC\virus\OSS-CA~1\bin\../share/yosys/gowin/cells_sim.v:476$380'.
     1/1: $0\Q[0:0]
Creating decoders for process `\DFFNRE.$proc$c:\Users\david\OneDrive\ESCRIT~1\Nacho\TEC\virus\OSS-CA~1\bin\../share/yosys/gowin/cells_sim.v:0$379'.
Creating decoders for process `\DFFNRE.$proc$c:\Users\david\OneDrive\ESCRIT~1\Nacho\TEC\virus\OSS-CA~1\bin\../share/yosys/gowin/cells_sim.v:457$378'.
     1/1: $0\Q[0:0]
Creating decoders for process `\DFFNR.$proc$c:\Users\david\OneDrive\ESCRIT~1\Nacho\TEC\virus\OSS-CA~1\bin\../share/yosys/gowin/cells_sim.v:0$377'.
Creating decoders for process `\DFFNR.$proc$c:\Users\david\OneDrive\ESCRIT~1\Nacho\TEC\virus\OSS-CA~1\bin\../share/yosys/gowin/cells_sim.v:437$376'.
     1/1: $0\Q[0:0]
Creating decoders for process `\DFFNSE.$proc$c:\Users\david\OneDrive\ESCRIT~1\Nacho\TEC\virus\OSS-CA~1\bin\../share/yosys/gowin/cells_sim.v:0$375'.
Creating decoders for process `\DFFNSE.$proc$c:\Users\david\OneDrive\ESCRIT~1\Nacho\TEC\virus\OSS-CA~1\bin\../share/yosys/gowin/cells_sim.v:418$374'.
     1/1: $0\Q[0:0]
Creating decoders for process `\DFFNS.$proc$c:\Users\david\OneDrive\ESCRIT~1\Nacho\TEC\virus\OSS-CA~1\bin\../share/yosys/gowin/cells_sim.v:0$373'.
Creating decoders for process `\DFFNS.$proc$c:\Users\david\OneDrive\ESCRIT~1\Nacho\TEC\virus\OSS-CA~1\bin\../share/yosys/gowin/cells_sim.v:398$372'.
     1/1: $0\Q[0:0]
Creating decoders for process `\DFFNE.$proc$c:\Users\david\OneDrive\ESCRIT~1\Nacho\TEC\virus\OSS-CA~1\bin\../share/yosys/gowin/cells_sim.v:0$371'.
Creating decoders for process `\DFFNE.$proc$c:\Users\david\OneDrive\ESCRIT~1\Nacho\TEC\virus\OSS-CA~1\bin\../share/yosys/gowin/cells_sim.v:381$370'.
     1/1: $0\Q[0:0]
Creating decoders for process `\DFFN.$proc$c:\Users\david\OneDrive\ESCRIT~1\Nacho\TEC\virus\OSS-CA~1\bin\../share/yosys/gowin/cells_sim.v:0$369'.
Creating decoders for process `\DFFN.$proc$c:\Users\david\OneDrive\ESCRIT~1\Nacho\TEC\virus\OSS-CA~1\bin\../share/yosys/gowin/cells_sim.v:366$368'.
Creating decoders for process `\DFFCE.$proc$c:\Users\david\OneDrive\ESCRIT~1\Nacho\TEC\virus\OSS-CA~1\bin\../share/yosys/gowin/cells_sim.v:0$367'.
Creating decoders for process `\DFFCE.$proc$c:\Users\david\OneDrive\ESCRIT~1\Nacho\TEC\virus\OSS-CA~1\bin\../share/yosys/gowin/cells_sim.v:348$366'.
     1/1: $0\Q[0:0]
Creating decoders for process `\DFFC.$proc$c:\Users\david\OneDrive\ESCRIT~1\Nacho\TEC\virus\OSS-CA~1\bin\../share/yosys/gowin/cells_sim.v:0$365'.
Creating decoders for process `\DFFC.$proc$c:\Users\david\OneDrive\ESCRIT~1\Nacho\TEC\virus\OSS-CA~1\bin\../share/yosys/gowin/cells_sim.v:328$364'.
     1/1: $0\Q[0:0]
Creating decoders for process `\DFFPE.$proc$c:\Users\david\OneDrive\ESCRIT~1\Nacho\TEC\virus\OSS-CA~1\bin\../share/yosys/gowin/cells_sim.v:0$363'.
Creating decoders for process `\DFFPE.$proc$c:\Users\david\OneDrive\ESCRIT~1\Nacho\TEC\virus\OSS-CA~1\bin\../share/yosys/gowin/cells_sim.v:309$362'.
     1/1: $0\Q[0:0]
Creating decoders for process `\DFFP.$proc$c:\Users\david\OneDrive\ESCRIT~1\Nacho\TEC\virus\OSS-CA~1\bin\../share/yosys/gowin/cells_sim.v:0$361'.
Creating decoders for process `\DFFP.$proc$c:\Users\david\OneDrive\ESCRIT~1\Nacho\TEC\virus\OSS-CA~1\bin\../share/yosys/gowin/cells_sim.v:289$360'.
     1/1: $0\Q[0:0]
Creating decoders for process `\DFFRE.$proc$c:\Users\david\OneDrive\ESCRIT~1\Nacho\TEC\virus\OSS-CA~1\bin\../share/yosys/gowin/cells_sim.v:0$359'.
Creating decoders for process `\DFFRE.$proc$c:\Users\david\OneDrive\ESCRIT~1\Nacho\TEC\virus\OSS-CA~1\bin\../share/yosys/gowin/cells_sim.v:270$358'.
     1/1: $0\Q[0:0]
Creating decoders for process `\DFFR.$proc$c:\Users\david\OneDrive\ESCRIT~1\Nacho\TEC\virus\OSS-CA~1\bin\../share/yosys/gowin/cells_sim.v:0$357'.
Creating decoders for process `\DFFR.$proc$c:\Users\david\OneDrive\ESCRIT~1\Nacho\TEC\virus\OSS-CA~1\bin\../share/yosys/gowin/cells_sim.v:250$356'.
     1/1: $0\Q[0:0]
Creating decoders for process `\DFFSE.$proc$c:\Users\david\OneDrive\ESCRIT~1\Nacho\TEC\virus\OSS-CA~1\bin\../share/yosys/gowin/cells_sim.v:0$355'.
Creating decoders for process `\DFFSE.$proc$c:\Users\david\OneDrive\ESCRIT~1\Nacho\TEC\virus\OSS-CA~1\bin\../share/yosys/gowin/cells_sim.v:231$354'.
     1/1: $0\Q[0:0]
Creating decoders for process `\DFFS.$proc$c:\Users\david\OneDrive\ESCRIT~1\Nacho\TEC\virus\OSS-CA~1\bin\../share/yosys/gowin/cells_sim.v:0$353'.
Creating decoders for process `\DFFS.$proc$c:\Users\david\OneDrive\ESCRIT~1\Nacho\TEC\virus\OSS-CA~1\bin\../share/yosys/gowin/cells_sim.v:211$352'.
     1/1: $0\Q[0:0]
Creating decoders for process `\DFFE.$proc$c:\Users\david\OneDrive\ESCRIT~1\Nacho\TEC\virus\OSS-CA~1\bin\../share/yosys/gowin/cells_sim.v:0$351'.
Creating decoders for process `\DFFE.$proc$c:\Users\david\OneDrive\ESCRIT~1\Nacho\TEC\virus\OSS-CA~1\bin\../share/yosys/gowin/cells_sim.v:194$350'.
     1/1: $0\Q[0:0]
Creating decoders for process `\DFF.$proc$c:\Users\david\OneDrive\ESCRIT~1\Nacho\TEC\virus\OSS-CA~1\bin\../share/yosys/gowin/cells_sim.v:0$349'.
Creating decoders for process `\DFF.$proc$c:\Users\david\OneDrive\ESCRIT~1\Nacho\TEC\virus\OSS-CA~1\bin\../share/yosys/gowin/cells_sim.v:179$348'.
Creating decoders for process `\FSM_calculadora.$proc$../design/FSM_calculadora.sv:0$157'.
     1/10: $6\next_state[2:0]
     2/10: $5\next_state[2:0]
     3/10: $4\next_state[2:0]
     4/10: $3\next_state[2:0]
     5/10: $2\next_state[2:0]
     6/10: $1\next_state[2:0]
     7/10: $1\show_result[0:0]
     8/10: $1\start_sum[0:0]
     9/10: $1\load_digit[0:0]
    10/10: $1\sel_num[0:0]
Creating decoders for process `\FSM_calculadora.$proc$../design/FSM_calculadora.sv:30$155'.
     1/1: $0\state[2:0]
Creating decoders for process `\display_selector.$proc$../design/display_selector.sv:0$154'.
     1/4: $1\d3[3:0]
     2/4: $1\d2[3:0]
     3/4: $1\d1[3:0]
     4/4: $1\d0[3:0]
Creating decoders for process `\disp_mux.$proc$../design/display_multiplexer.sv:0$153'.
     1/2: $1\hex_out[3:0]
     2/2: $1\digit[3:0]
Creating decoders for process `\disp_mux.$proc$../design/display_multiplexer.sv:12$150'.
     1/1: $0\sel[15:0]
Creating decoders for process `\disp_decoder.$proc$../design/display_decoder.sv:0$149'.
     1/1: $1\seg[6:0]
Creating decoders for process `\bin2bcd.$proc$../design/bin2bcd.sv:0$40'.
     1/48: $12\b0[3:0]
     2/48: $12\b1[3:0]
     3/48: $12\b2[3:0]
     4/48: $12\b3[3:0]
     5/48: $11\b0[3:0]
     6/48: $11\b1[3:0]
     7/48: $11\b2[3:0]
     8/48: $11\b3[3:0]
     9/48: $10\b0[3:0]
    10/48: $10\b1[3:0]
    11/48: $10\b2[3:0]
    12/48: $10\b3[3:0]
    13/48: $9\b0[3:0]
    14/48: $9\b1[3:0]
    15/48: $9\b2[3:0]
    16/48: $9\b3[3:0]
    17/48: $8\b0[3:0]
    18/48: $8\b1[3:0]
    19/48: $8\b2[3:0]
    20/48: $8\b3[3:0]
    21/48: $7\b0[3:0]
    22/48: $7\b1[3:0]
    23/48: $7\b2[3:0]
    24/48: $7\b3[3:0]
    25/48: $6\b0[3:0]
    26/48: $6\b1[3:0]
    27/48: $6\b2[3:0]
    28/48: $6\b3[3:0]
    29/48: $5\b0[3:0]
    30/48: $5\b1[3:0]
    31/48: $5\b2[3:0]
    32/48: $5\b3[3:0]
    33/48: $4\b0[3:0]
    34/48: $4\b1[3:0]
    35/48: $4\b2[3:0]
    36/48: $4\b3[3:0]
    37/48: $3\b0[3:0]
    38/48: $3\b1[3:0]
    39/48: $3\b2[3:0]
    40/48: $3\b3[3:0]
    41/48: $2\b0[3:0]
    42/48: $2\b1[3:0]
    43/48: $2\b2[3:0]
    44/48: $2\b3[3:0]
    45/48: $1\b0[3:0]
    46/48: $1\b1[3:0]
    47/48: $1\b2[3:0]
    48/48: $1\b3[3:0]
Creating decoders for process `\B4_sumador.$proc$../design/B4_sumar_numero.sv:33$36'.
     1/2: $0\done[0:0]
     2/2: $0\resultado[11:0]
Creating decoders for process `\B4_sumador.$proc$../design/B4_sumar_numero.sv:0$27'.
Creating decoders for process `\B3_almacenar_numeros.$proc$../design/B3_almacenar_numeros.sv:37$21'.
     1/6: $0\d2_2[3:0]
     2/6: $0\d1_2[3:0]
     3/6: $0\d0_2[3:0]
     4/6: $0\d2_1[3:0]
     5/6: $0\d1_1[3:0]
     6/6: $0\d0_1[3:0]
Creating decoders for process `\B3_almacenar_numeros.$proc$../design/B3_almacenar_numeros.sv:25$17'.
     1/1: $0\tecla_valida_d[0:0]
Creating decoders for process `\B1_lector_teclado.$proc$../design/B1_lector_teclado.sv:10$8'.
Creating decoders for process `\B1_lector_teclado.$proc$../design/B1_lector_teclado.sv:9$7'.
Creating decoders for process `\B1_lector_teclado.$proc$../design/B1_lector_teclado.sv:34$6'.
     1/27: $13\tecla_raw[0:0]
     2/27: $13\tecla[3:0]
     3/27: $12\tecla_raw[0:0]
     4/27: $12\tecla[3:0]
     5/27: $11\tecla_raw[0:0]
     6/27: $11\tecla[3:0]
     7/27: $10\tecla_raw[0:0]
     8/27: $10\tecla[3:0]
     9/27: $9\tecla_raw[0:0]
    10/27: $9\tecla[3:0]
    11/27: $8\tecla_raw[0:0]
    12/27: $8\tecla[3:0]
    13/27: $7\tecla_raw[0:0]
    14/27: $7\tecla[3:0]
    15/27: $6\tecla_raw[0:0]
    16/27: $6\tecla[3:0]
    17/27: $5\tecla_raw[0:0]
    18/27: $5\tecla[3:0]
    19/27: $4\tecla_raw[0:0]
    20/27: $4\tecla[3:0]
    21/27: $3\tecla_raw[0:0]
    22/27: $3\tecla[3:0]
    23/27: $2\tecla_raw[0:0]
    24/27: $2\tecla[3:0]
    25/27: $1\tecla_raw[0:0]
    26/27: $1\tecla[3:0]
    27/27: $1\cols[2:0]
Creating decoders for process `\B1_lector_teclado.$proc$../design/B1_lector_teclado.sv:16$1'.
     1/2: $0\contador[24:0]
     2/2: $0\estado[1:0]

11.3.8. Executing PROC_DLATCH pass (convert process syncs to latches).
No latch inferred for signal `\FSM_calculadora.\sel_num' from process `\FSM_calculadora.$proc$../design/FSM_calculadora.sv:0$157'.
No latch inferred for signal `\FSM_calculadora.\load_digit' from process `\FSM_calculadora.$proc$../design/FSM_calculadora.sv:0$157'.
No latch inferred for signal `\FSM_calculadora.\start_sum' from process `\FSM_calculadora.$proc$../design/FSM_calculadora.sv:0$157'.
No latch inferred for signal `\FSM_calculadora.\show_result' from process `\FSM_calculadora.$proc$../design/FSM_calculadora.sv:0$157'.
No latch inferred for signal `\FSM_calculadora.\next_state' from process `\FSM_calculadora.$proc$../design/FSM_calculadora.sv:0$157'.
No latch inferred for signal `\display_selector.\d0' from process `\display_selector.$proc$../design/display_selector.sv:0$154'.
No latch inferred for signal `\display_selector.\d1' from process `\display_selector.$proc$../design/display_selector.sv:0$154'.
No latch inferred for signal `\display_selector.\d2' from process `\display_selector.$proc$../design/display_selector.sv:0$154'.
No latch inferred for signal `\display_selector.\d3' from process `\display_selector.$proc$../design/display_selector.sv:0$154'.
No latch inferred for signal `\disp_mux.\hex_out' from process `\disp_mux.$proc$../design/display_multiplexer.sv:0$153'.
No latch inferred for signal `\disp_mux.\digit' from process `\disp_mux.$proc$../design/display_multiplexer.sv:0$153'.
No latch inferred for signal `\disp_decoder.\seg' from process `\disp_decoder.$proc$../design/display_decoder.sv:0$149'.
No latch inferred for signal `\bin2bcd.\miles' from process `\bin2bcd.$proc$../design/bin2bcd.sv:0$40'.
No latch inferred for signal `\bin2bcd.\centenas' from process `\bin2bcd.$proc$../design/bin2bcd.sv:0$40'.
No latch inferred for signal `\bin2bcd.\decenas' from process `\bin2bcd.$proc$../design/bin2bcd.sv:0$40'.
No latch inferred for signal `\bin2bcd.\unidades' from process `\bin2bcd.$proc$../design/bin2bcd.sv:0$40'.
No latch inferred for signal `\bin2bcd.\i' from process `\bin2bcd.$proc$../design/bin2bcd.sv:0$40'.
No latch inferred for signal `\bin2bcd.\shift_in' from process `\bin2bcd.$proc$../design/bin2bcd.sv:0$40'.
No latch inferred for signal `\bin2bcd.\b3' from process `\bin2bcd.$proc$../design/bin2bcd.sv:0$40'.
No latch inferred for signal `\bin2bcd.\b2' from process `\bin2bcd.$proc$../design/bin2bcd.sv:0$40'.
No latch inferred for signal `\bin2bcd.\b1' from process `\bin2bcd.$proc$../design/bin2bcd.sv:0$40'.
No latch inferred for signal `\bin2bcd.\b0' from process `\bin2bcd.$proc$../design/bin2bcd.sv:0$40'.
No latch inferred for signal `\B4_sumador.\num1' from process `\B4_sumador.$proc$../design/B4_sumar_numero.sv:0$27'.
No latch inferred for signal `\B4_sumador.\num2' from process `\B4_sumador.$proc$../design/B4_sumar_numero.sv:0$27'.
No latch inferred for signal `\B1_lector_teclado.\cols' from process `\B1_lector_teclado.$proc$../design/B1_lector_teclado.sv:34$6'.
No latch inferred for signal `\B1_lector_teclado.\tecla' from process `\B1_lector_teclado.$proc$../design/B1_lector_teclado.sv:34$6'.
No latch inferred for signal `\B1_lector_teclado.\tecla_raw' from process `\B1_lector_teclado.$proc$../design/B1_lector_teclado.sv:34$6'.

11.3.9. Executing PROC_DFF pass (convert process syncs to FFs).
Creating register for signal `\ALU.\C' using process `\ALU.$proc$c:\Users\david\OneDrive\ESCRIT~1\Nacho\TEC\virus\OSS-CA~1\bin\../share/yosys/gowin/cells_sim.v:661$390'.
  created direct connection (no actual register cell created).
Creating register for signal `\ALU.\S' using process `\ALU.$proc$c:\Users\david\OneDrive\ESCRIT~1\Nacho\TEC\virus\OSS-CA~1\bin\../share/yosys/gowin/cells_sim.v:661$390'.
  created direct connection (no actual register cell created).
Creating register for signal `\DFFNCE.\Q' using process `\DFFNCE.$proc$c:\Users\david\OneDrive\ESCRIT~1\Nacho\TEC\virus\OSS-CA~1\bin\../share/yosys/gowin/cells_sim.v:535$386'.
  created $adff cell `$procdff$1088' with negative edge clock and positive level reset.
Creating register for signal `\DFFNC.\Q' using process `\DFFNC.$proc$c:\Users\david\OneDrive\ESCRIT~1\Nacho\TEC\virus\OSS-CA~1\bin\../share/yosys/gowin/cells_sim.v:515$384'.
  created $adff cell `$procdff$1089' with negative edge clock and positive level reset.
Creating register for signal `\DFFNPE.\Q' using process `\DFFNPE.$proc$c:\Users\david\OneDrive\ESCRIT~1\Nacho\TEC\virus\OSS-CA~1\bin\../share/yosys/gowin/cells_sim.v:496$382'.
  created $adff cell `$procdff$1090' with negative edge clock and positive level reset.
Creating register for signal `\DFFNP.\Q' using process `\DFFNP.$proc$c:\Users\david\OneDrive\ESCRIT~1\Nacho\TEC\virus\OSS-CA~1\bin\../share/yosys/gowin/cells_sim.v:476$380'.
  created $adff cell `$procdff$1091' with negative edge clock and positive level reset.
Creating register for signal `\DFFNRE.\Q' using process `\DFFNRE.$proc$c:\Users\david\OneDrive\ESCRIT~1\Nacho\TEC\virus\OSS-CA~1\bin\../share/yosys/gowin/cells_sim.v:457$378'.
  created $dff cell `$procdff$1092' with negative edge clock.
Creating register for signal `\DFFNR.\Q' using process `\DFFNR.$proc$c:\Users\david\OneDrive\ESCRIT~1\Nacho\TEC\virus\OSS-CA~1\bin\../share/yosys/gowin/cells_sim.v:437$376'.
  created $dff cell `$procdff$1093' with negative edge clock.
Creating register for signal `\DFFNSE.\Q' using process `\DFFNSE.$proc$c:\Users\david\OneDrive\ESCRIT~1\Nacho\TEC\virus\OSS-CA~1\bin\../share/yosys/gowin/cells_sim.v:418$374'.
  created $dff cell `$procdff$1094' with negative edge clock.
Creating register for signal `\DFFNS.\Q' using process `\DFFNS.$proc$c:\Users\david\OneDrive\ESCRIT~1\Nacho\TEC\virus\OSS-CA~1\bin\../share/yosys/gowin/cells_sim.v:398$372'.
  created $dff cell `$procdff$1095' with negative edge clock.
Creating register for signal `\DFFNE.\Q' using process `\DFFNE.$proc$c:\Users\david\OneDrive\ESCRIT~1\Nacho\TEC\virus\OSS-CA~1\bin\../share/yosys/gowin/cells_sim.v:381$370'.
  created $dff cell `$procdff$1096' with negative edge clock.
Creating register for signal `\DFFN.\Q' using process `\DFFN.$proc$c:\Users\david\OneDrive\ESCRIT~1\Nacho\TEC\virus\OSS-CA~1\bin\../share/yosys/gowin/cells_sim.v:366$368'.
  created $dff cell `$procdff$1097' with negative edge clock.
Creating register for signal `\DFFCE.\Q' using process `\DFFCE.$proc$c:\Users\david\OneDrive\ESCRIT~1\Nacho\TEC\virus\OSS-CA~1\bin\../share/yosys/gowin/cells_sim.v:348$366'.
  created $adff cell `$procdff$1098' with positive edge clock and positive level reset.
Creating register for signal `\DFFC.\Q' using process `\DFFC.$proc$c:\Users\david\OneDrive\ESCRIT~1\Nacho\TEC\virus\OSS-CA~1\bin\../share/yosys/gowin/cells_sim.v:328$364'.
  created $adff cell `$procdff$1099' with positive edge clock and positive level reset.
Creating register for signal `\DFFPE.\Q' using process `\DFFPE.$proc$c:\Users\david\OneDrive\ESCRIT~1\Nacho\TEC\virus\OSS-CA~1\bin\../share/yosys/gowin/cells_sim.v:309$362'.
  created $adff cell `$procdff$1100' with positive edge clock and positive level reset.
Creating register for signal `\DFFP.\Q' using process `\DFFP.$proc$c:\Users\david\OneDrive\ESCRIT~1\Nacho\TEC\virus\OSS-CA~1\bin\../share/yosys/gowin/cells_sim.v:289$360'.
  created $adff cell `$procdff$1101' with positive edge clock and positive level reset.
Creating register for signal `\DFFRE.\Q' using process `\DFFRE.$proc$c:\Users\david\OneDrive\ESCRIT~1\Nacho\TEC\virus\OSS-CA~1\bin\../share/yosys/gowin/cells_sim.v:270$358'.
  created $dff cell `$procdff$1102' with positive edge clock.
Creating register for signal `\DFFR.\Q' using process `\DFFR.$proc$c:\Users\david\OneDrive\ESCRIT~1\Nacho\TEC\virus\OSS-CA~1\bin\../share/yosys/gowin/cells_sim.v:250$356'.
  created $dff cell `$procdff$1103' with positive edge clock.
Creating register for signal `\DFFSE.\Q' using process `\DFFSE.$proc$c:\Users\david\OneDrive\ESCRIT~1\Nacho\TEC\virus\OSS-CA~1\bin\../share/yosys/gowin/cells_sim.v:231$354'.
  created $dff cell `$procdff$1104' with positive edge clock.
Creating register for signal `\DFFS.\Q' using process `\DFFS.$proc$c:\Users\david\OneDrive\ESCRIT~1\Nacho\TEC\virus\OSS-CA~1\bin\../share/yosys/gowin/cells_sim.v:211$352'.
  created $dff cell `$procdff$1105' with positive edge clock.
Creating register for signal `\DFFE.\Q' using process `\DFFE.$proc$c:\Users\david\OneDrive\ESCRIT~1\Nacho\TEC\virus\OSS-CA~1\bin\../share/yosys/gowin/cells_sim.v:194$350'.
  created $dff cell `$procdff$1106' with positive edge clock.
Creating register for signal `\DFF.\Q' using process `\DFF.$proc$c:\Users\david\OneDrive\ESCRIT~1\Nacho\TEC\virus\OSS-CA~1\bin\../share/yosys/gowin/cells_sim.v:179$348'.
  created $dff cell `$procdff$1107' with positive edge clock.
Creating register for signal `\FSM_calculadora.\state' using process `\FSM_calculadora.$proc$../design/FSM_calculadora.sv:30$155'.
  created $dff cell `$procdff$1108' with positive edge clock.
Creating register for signal `\disp_mux.\sel' using process `\disp_mux.$proc$../design/display_multiplexer.sv:12$150'.
  created $dff cell `$procdff$1109' with positive edge clock.
Creating register for signal `\B4_sumador.\resultado' using process `\B4_sumador.$proc$../design/B4_sumar_numero.sv:33$36'.
  created $dff cell `$procdff$1110' with positive edge clock.
Creating register for signal `\B4_sumador.\done' using process `\B4_sumador.$proc$../design/B4_sumar_numero.sv:33$36'.
  created $dff cell `$procdff$1111' with positive edge clock.
Creating register for signal `\B3_almacenar_numeros.\d0_1' using process `\B3_almacenar_numeros.$proc$../design/B3_almacenar_numeros.sv:37$21'.
  created $dff cell `$procdff$1112' with positive edge clock.
Creating register for signal `\B3_almacenar_numeros.\d1_1' using process `\B3_almacenar_numeros.$proc$../design/B3_almacenar_numeros.sv:37$21'.
  created $dff cell `$procdff$1113' with positive edge clock.
Creating register for signal `\B3_almacenar_numeros.\d2_1' using process `\B3_almacenar_numeros.$proc$../design/B3_almacenar_numeros.sv:37$21'.
  created $dff cell `$procdff$1114' with positive edge clock.
Creating register for signal `\B3_almacenar_numeros.\d0_2' using process `\B3_almacenar_numeros.$proc$../design/B3_almacenar_numeros.sv:37$21'.
  created $dff cell `$procdff$1115' with positive edge clock.
Creating register for signal `\B3_almacenar_numeros.\d1_2' using process `\B3_almacenar_numeros.$proc$../design/B3_almacenar_numeros.sv:37$21'.
  created $dff cell `$procdff$1116' with positive edge clock.
Creating register for signal `\B3_almacenar_numeros.\d2_2' using process `\B3_almacenar_numeros.$proc$../design/B3_almacenar_numeros.sv:37$21'.
  created $dff cell `$procdff$1117' with positive edge clock.
Creating register for signal `\B3_almacenar_numeros.\tecla_valida_d' using process `\B3_almacenar_numeros.$proc$../design/B3_almacenar_numeros.sv:25$17'.
  created $dff cell `$procdff$1118' with positive edge clock.
Creating register for signal `\B1_lector_teclado.\contador' using process `\B1_lector_teclado.$proc$../design/B1_lector_teclado.sv:16$1'.
  created $dff cell `$procdff$1119' with positive edge clock.
Creating register for signal `\B1_lector_teclado.\estado' using process `\B1_lector_teclado.$proc$../design/B1_lector_teclado.sv:16$1'.
  created $dff cell `$procdff$1120' with positive edge clock.

11.3.10. Executing PROC_MEMWR pass (convert process memory writes to cells).

11.3.11. Executing PROC_CLEAN pass (remove empty switches from decision trees).
Removing empty process `ALU.$proc$c:\Users\david\OneDrive\ESCRIT~1\Nacho\TEC\virus\OSS-CA~1\bin\../share/yosys/gowin/cells_sim.v:661$390'.
Removing empty process `DFFNCE.$proc$c:\Users\david\OneDrive\ESCRIT~1\Nacho\TEC\virus\OSS-CA~1\bin\../share/yosys/gowin/cells_sim.v:0$387'.
Found and cleaned up 1 empty switch in `\DFFNCE.$proc$c:\Users\david\OneDrive\ESCRIT~1\Nacho\TEC\virus\OSS-CA~1\bin\../share/yosys/gowin/cells_sim.v:535$386'.
Removing empty process `DFFNCE.$proc$c:\Users\david\OneDrive\ESCRIT~1\Nacho\TEC\virus\OSS-CA~1\bin\../share/yosys/gowin/cells_sim.v:535$386'.
Removing empty process `DFFNC.$proc$c:\Users\david\OneDrive\ESCRIT~1\Nacho\TEC\virus\OSS-CA~1\bin\../share/yosys/gowin/cells_sim.v:0$385'.
Removing empty process `DFFNC.$proc$c:\Users\david\OneDrive\ESCRIT~1\Nacho\TEC\virus\OSS-CA~1\bin\../share/yosys/gowin/cells_sim.v:515$384'.
Removing empty process `DFFNPE.$proc$c:\Users\david\OneDrive\ESCRIT~1\Nacho\TEC\virus\OSS-CA~1\bin\../share/yosys/gowin/cells_sim.v:0$383'.
Found and cleaned up 1 empty switch in `\DFFNPE.$proc$c:\Users\david\OneDrive\ESCRIT~1\Nacho\TEC\virus\OSS-CA~1\bin\../share/yosys/gowin/cells_sim.v:496$382'.
Removing empty process `DFFNPE.$proc$c:\Users\david\OneDrive\ESCRIT~1\Nacho\TEC\virus\OSS-CA~1\bin\../share/yosys/gowin/cells_sim.v:496$382'.
Removing empty process `DFFNP.$proc$c:\Users\david\OneDrive\ESCRIT~1\Nacho\TEC\virus\OSS-CA~1\bin\../share/yosys/gowin/cells_sim.v:0$381'.
Removing empty process `DFFNP.$proc$c:\Users\david\OneDrive\ESCRIT~1\Nacho\TEC\virus\OSS-CA~1\bin\../share/yosys/gowin/cells_sim.v:476$380'.
Removing empty process `DFFNRE.$proc$c:\Users\david\OneDrive\ESCRIT~1\Nacho\TEC\virus\OSS-CA~1\bin\../share/yosys/gowin/cells_sim.v:0$379'.
Found and cleaned up 2 empty switches in `\DFFNRE.$proc$c:\Users\david\OneDrive\ESCRIT~1\Nacho\TEC\virus\OSS-CA~1\bin\../share/yosys/gowin/cells_sim.v:457$378'.
Removing empty process `DFFNRE.$proc$c:\Users\david\OneDrive\ESCRIT~1\Nacho\TEC\virus\OSS-CA~1\bin\../share/yosys/gowin/cells_sim.v:457$378'.
Removing empty process `DFFNR.$proc$c:\Users\david\OneDrive\ESCRIT~1\Nacho\TEC\virus\OSS-CA~1\bin\../share/yosys/gowin/cells_sim.v:0$377'.
Found and cleaned up 1 empty switch in `\DFFNR.$proc$c:\Users\david\OneDrive\ESCRIT~1\Nacho\TEC\virus\OSS-CA~1\bin\../share/yosys/gowin/cells_sim.v:437$376'.
Removing empty process `DFFNR.$proc$c:\Users\david\OneDrive\ESCRIT~1\Nacho\TEC\virus\OSS-CA~1\bin\../share/yosys/gowin/cells_sim.v:437$376'.
Removing empty process `DFFNSE.$proc$c:\Users\david\OneDrive\ESCRIT~1\Nacho\TEC\virus\OSS-CA~1\bin\../share/yosys/gowin/cells_sim.v:0$375'.
Found and cleaned up 2 empty switches in `\DFFNSE.$proc$c:\Users\david\OneDrive\ESCRIT~1\Nacho\TEC\virus\OSS-CA~1\bin\../share/yosys/gowin/cells_sim.v:418$374'.
Removing empty process `DFFNSE.$proc$c:\Users\david\OneDrive\ESCRIT~1\Nacho\TEC\virus\OSS-CA~1\bin\../share/yosys/gowin/cells_sim.v:418$374'.
Removing empty process `DFFNS.$proc$c:\Users\david\OneDrive\ESCRIT~1\Nacho\TEC\virus\OSS-CA~1\bin\../share/yosys/gowin/cells_sim.v:0$373'.
Found and cleaned up 1 empty switch in `\DFFNS.$proc$c:\Users\david\OneDrive\ESCRIT~1\Nacho\TEC\virus\OSS-CA~1\bin\../share/yosys/gowin/cells_sim.v:398$372'.
Removing empty process `DFFNS.$proc$c:\Users\david\OneDrive\ESCRIT~1\Nacho\TEC\virus\OSS-CA~1\bin\../share/yosys/gowin/cells_sim.v:398$372'.
Removing empty process `DFFNE.$proc$c:\Users\david\OneDrive\ESCRIT~1\Nacho\TEC\virus\OSS-CA~1\bin\../share/yosys/gowin/cells_sim.v:0$371'.
Found and cleaned up 1 empty switch in `\DFFNE.$proc$c:\Users\david\OneDrive\ESCRIT~1\Nacho\TEC\virus\OSS-CA~1\bin\../share/yosys/gowin/cells_sim.v:381$370'.
Removing empty process `DFFNE.$proc$c:\Users\david\OneDrive\ESCRIT~1\Nacho\TEC\virus\OSS-CA~1\bin\../share/yosys/gowin/cells_sim.v:381$370'.
Removing empty process `DFFN.$proc$c:\Users\david\OneDrive\ESCRIT~1\Nacho\TEC\virus\OSS-CA~1\bin\../share/yosys/gowin/cells_sim.v:0$369'.
Removing empty process `DFFN.$proc$c:\Users\david\OneDrive\ESCRIT~1\Nacho\TEC\virus\OSS-CA~1\bin\../share/yosys/gowin/cells_sim.v:366$368'.
Removing empty process `DFFCE.$proc$c:\Users\david\OneDrive\ESCRIT~1\Nacho\TEC\virus\OSS-CA~1\bin\../share/yosys/gowin/cells_sim.v:0$367'.
Found and cleaned up 1 empty switch in `\DFFCE.$proc$c:\Users\david\OneDrive\ESCRIT~1\Nacho\TEC\virus\OSS-CA~1\bin\../share/yosys/gowin/cells_sim.v:348$366'.
Removing empty process `DFFCE.$proc$c:\Users\david\OneDrive\ESCRIT~1\Nacho\TEC\virus\OSS-CA~1\bin\../share/yosys/gowin/cells_sim.v:348$366'.
Removing empty process `DFFC.$proc$c:\Users\david\OneDrive\ESCRIT~1\Nacho\TEC\virus\OSS-CA~1\bin\../share/yosys/gowin/cells_sim.v:0$365'.
Removing empty process `DFFC.$proc$c:\Users\david\OneDrive\ESCRIT~1\Nacho\TEC\virus\OSS-CA~1\bin\../share/yosys/gowin/cells_sim.v:328$364'.
Removing empty process `DFFPE.$proc$c:\Users\david\OneDrive\ESCRIT~1\Nacho\TEC\virus\OSS-CA~1\bin\../share/yosys/gowin/cells_sim.v:0$363'.
Found and cleaned up 1 empty switch in `\DFFPE.$proc$c:\Users\david\OneDrive\ESCRIT~1\Nacho\TEC\virus\OSS-CA~1\bin\../share/yosys/gowin/cells_sim.v:309$362'.
Removing empty process `DFFPE.$proc$c:\Users\david\OneDrive\ESCRIT~1\Nacho\TEC\virus\OSS-CA~1\bin\../share/yosys/gowin/cells_sim.v:309$362'.
Removing empty process `DFFP.$proc$c:\Users\david\OneDrive\ESCRIT~1\Nacho\TEC\virus\OSS-CA~1\bin\../share/yosys/gowin/cells_sim.v:0$361'.
Removing empty process `DFFP.$proc$c:\Users\david\OneDrive\ESCRIT~1\Nacho\TEC\virus\OSS-CA~1\bin\../share/yosys/gowin/cells_sim.v:289$360'.
Removing empty process `DFFRE.$proc$c:\Users\david\OneDrive\ESCRIT~1\Nacho\TEC\virus\OSS-CA~1\bin\../share/yosys/gowin/cells_sim.v:0$359'.
Found and cleaned up 2 empty switches in `\DFFRE.$proc$c:\Users\david\OneDrive\ESCRIT~1\Nacho\TEC\virus\OSS-CA~1\bin\../share/yosys/gowin/cells_sim.v:270$358'.
Removing empty process `DFFRE.$proc$c:\Users\david\OneDrive\ESCRIT~1\Nacho\TEC\virus\OSS-CA~1\bin\../share/yosys/gowin/cells_sim.v:270$358'.
Removing empty process `DFFR.$proc$c:\Users\david\OneDrive\ESCRIT~1\Nacho\TEC\virus\OSS-CA~1\bin\../share/yosys/gowin/cells_sim.v:0$357'.
Found and cleaned up 1 empty switch in `\DFFR.$proc$c:\Users\david\OneDrive\ESCRIT~1\Nacho\TEC\virus\OSS-CA~1\bin\../share/yosys/gowin/cells_sim.v:250$356'.
Removing empty process `DFFR.$proc$c:\Users\david\OneDrive\ESCRIT~1\Nacho\TEC\virus\OSS-CA~1\bin\../share/yosys/gowin/cells_sim.v:250$356'.
Removing empty process `DFFSE.$proc$c:\Users\david\OneDrive\ESCRIT~1\Nacho\TEC\virus\OSS-CA~1\bin\../share/yosys/gowin/cells_sim.v:0$355'.
Found and cleaned up 2 empty switches in `\DFFSE.$proc$c:\Users\david\OneDrive\ESCRIT~1\Nacho\TEC\virus\OSS-CA~1\bin\../share/yosys/gowin/cells_sim.v:231$354'.
Removing empty process `DFFSE.$proc$c:\Users\david\OneDrive\ESCRIT~1\Nacho\TEC\virus\OSS-CA~1\bin\../share/yosys/gowin/cells_sim.v:231$354'.
Removing empty process `DFFS.$proc$c:\Users\david\OneDrive\ESCRIT~1\Nacho\TEC\virus\OSS-CA~1\bin\../share/yosys/gowin/cells_sim.v:0$353'.
Found and cleaned up 1 empty switch in `\DFFS.$proc$c:\Users\david\OneDrive\ESCRIT~1\Nacho\TEC\virus\OSS-CA~1\bin\../share/yosys/gowin/cells_sim.v:211$352'.
Removing empty process `DFFS.$proc$c:\Users\david\OneDrive\ESCRIT~1\Nacho\TEC\virus\OSS-CA~1\bin\../share/yosys/gowin/cells_sim.v:211$352'.
Removing empty process `DFFE.$proc$c:\Users\david\OneDrive\ESCRIT~1\Nacho\TEC\virus\OSS-CA~1\bin\../share/yosys/gowin/cells_sim.v:0$351'.
Found and cleaned up 1 empty switch in `\DFFE.$proc$c:\Users\david\OneDrive\ESCRIT~1\Nacho\TEC\virus\OSS-CA~1\bin\../share/yosys/gowin/cells_sim.v:194$350'.
Removing empty process `DFFE.$proc$c:\Users\david\OneDrive\ESCRIT~1\Nacho\TEC\virus\OSS-CA~1\bin\../share/yosys/gowin/cells_sim.v:194$350'.
Removing empty process `DFF.$proc$c:\Users\david\OneDrive\ESCRIT~1\Nacho\TEC\virus\OSS-CA~1\bin\../share/yosys/gowin/cells_sim.v:0$349'.
Removing empty process `DFF.$proc$c:\Users\david\OneDrive\ESCRIT~1\Nacho\TEC\virus\OSS-CA~1\bin\../share/yosys/gowin/cells_sim.v:179$348'.
Found and cleaned up 6 empty switches in `\FSM_calculadora.$proc$../design/FSM_calculadora.sv:0$157'.
Removing empty process `FSM_calculadora.$proc$../design/FSM_calculadora.sv:0$157'.
Found and cleaned up 1 empty switch in `\FSM_calculadora.$proc$../design/FSM_calculadora.sv:30$155'.
Removing empty process `FSM_calculadora.$proc$../design/FSM_calculadora.sv:30$155'.
Found and cleaned up 1 empty switch in `\display_selector.$proc$../design/display_selector.sv:0$154'.
Removing empty process `display_selector.$proc$../design/display_selector.sv:0$154'.
Found and cleaned up 1 empty switch in `\disp_mux.$proc$../design/display_multiplexer.sv:0$153'.
Removing empty process `disp_mux.$proc$../design/display_multiplexer.sv:0$153'.
Found and cleaned up 1 empty switch in `\disp_mux.$proc$../design/display_multiplexer.sv:12$150'.
Removing empty process `disp_mux.$proc$../design/display_multiplexer.sv:12$150'.
Found and cleaned up 1 empty switch in `\disp_decoder.$proc$../design/display_decoder.sv:0$149'.
Removing empty process `disp_decoder.$proc$../design/display_decoder.sv:0$149'.
Found and cleaned up 48 empty switches in `\bin2bcd.$proc$../design/bin2bcd.sv:0$40'.
Removing empty process `bin2bcd.$proc$../design/bin2bcd.sv:0$40'.
Found and cleaned up 2 empty switches in `\B4_sumador.$proc$../design/B4_sumar_numero.sv:33$36'.
Removing empty process `B4_sumador.$proc$../design/B4_sumar_numero.sv:33$36'.
Removing empty process `B4_sumador.$proc$../design/B4_sumar_numero.sv:0$27'.
Found and cleaned up 3 empty switches in `\B3_almacenar_numeros.$proc$../design/B3_almacenar_numeros.sv:37$21'.
Removing empty process `B3_almacenar_numeros.$proc$../design/B3_almacenar_numeros.sv:37$21'.
Found and cleaned up 1 empty switch in `\B3_almacenar_numeros.$proc$../design/B3_almacenar_numeros.sv:25$17'.
Removing empty process `B3_almacenar_numeros.$proc$../design/B3_almacenar_numeros.sv:25$17'.
Removing empty process `B1_lector_teclado.$proc$../design/B1_lector_teclado.sv:10$8'.
Removing empty process `B1_lector_teclado.$proc$../design/B1_lector_teclado.sv:9$7'.
Found and cleaned up 13 empty switches in `\B1_lector_teclado.$proc$../design/B1_lector_teclado.sv:34$6'.
Removing empty process `B1_lector_teclado.$proc$../design/B1_lector_teclado.sv:34$6'.
Found and cleaned up 2 empty switches in `\B1_lector_teclado.$proc$../design/B1_lector_teclado.sv:16$1'.
Removing empty process `B1_lector_teclado.$proc$../design/B1_lector_teclado.sv:16$1'.
Cleaned up 98 empty switches.

11.3.12. Executing OPT_EXPR pass (perform const folding).
Optimizing module top.
Optimizing module FSM_calculadora.
<suppressed ~3 debug messages>
Optimizing module display_selector.
Optimizing module disp_mux.
<suppressed ~3 debug messages>
Optimizing module disp_decoder.
Optimizing module bin2bcd.
<suppressed ~42 debug messages>
Optimizing module B4_sumador.
<suppressed ~2 debug messages>
Optimizing module B3_almacenar_numeros.
<suppressed ~13 debug messages>
Optimizing module B1_lector_teclado.
<suppressed ~11 debug messages>

11.4. Executing FLATTEN pass (flatten design).
Deleting now unused module FSM_calculadora.
Deleting now unused module display_selector.
Deleting now unused module disp_mux.
Deleting now unused module disp_decoder.
Deleting now unused module bin2bcd.
Deleting now unused module B4_sumador.
Deleting now unused module B3_almacenar_numeros.
Deleting now unused module B1_lector_teclado.
<suppressed ~8 debug messages>

11.5. Executing TRIBUF pass.

11.6. Executing DEMINOUT pass (demote inout ports to input or output).

11.7. Executing SYNTH pass.

11.7.1. Executing PROC pass (convert processes to netlists).

11.7.1.1. Executing PROC_CLEAN pass (remove empty switches from decision trees).
Cleaned up 0 empty switches.

11.7.1.2. Executing PROC_RMDEAD pass (remove dead branches from decision trees).
Removed a total of 0 dead cases.

11.7.1.3. Executing PROC_PRUNE pass (remove redundant assignments in processes).
Removed 0 redundant assignments.
Promoted 0 assignments to connections.

11.7.1.4. Executing PROC_INIT pass (extract init attributes).

11.7.1.5. Executing PROC_ARST pass (detect async resets in processes).

11.7.1.6. Executing PROC_ROM pass (convert switches to ROMs).
Converted 0 switches.

11.7.1.7. Executing PROC_MUX pass (convert decision trees to multiplexers).

11.7.1.8. Executing PROC_DLATCH pass (convert process syncs to latches).

11.7.1.9. Executing PROC_DFF pass (convert process syncs to FFs).

11.7.1.10. Executing PROC_MEMWR pass (convert process memory writes to cells).

11.7.1.11. Executing PROC_CLEAN pass (remove empty switches from decision trees).
Cleaned up 0 empty switches.

11.7.1.12. Executing OPT_EXPR pass (perform const folding).
Optimizing module top.

11.7.2. Executing OPT_EXPR pass (perform const folding).
Optimizing module top.
<suppressed ~4 debug messages>

11.7.3. Executing OPT_CLEAN pass (remove unused cells and wires).
Finding unused cells or wires in module \top..
Removed 11 unused cells and 348 unused wires.
<suppressed ~15 debug messages>

11.7.4. Executing CHECK pass (checking for obvious problems).
Checking module top...
Found and reported 0 problems.

11.7.5. Executing OPT pass (performing simple optimizations).

11.7.5.1. Executing OPT_EXPR pass (perform const folding).
Optimizing module top.

11.7.5.2. Executing OPT_MERGE pass (detect identical cells).
Finding identical cells in module `\top'.
<suppressed ~165 debug messages>
Removed a total of 55 cells.

11.7.5.3. Executing OPT_MUXTREE pass (detect dead branches in mux trees).
Running muxtree optimizer on module \top..
  Creating internal representation of mux trees.
  Evaluating internal representation of mux trees.
  Analyzing evaluation results.
    dead port 2/2 on $mux $flatten\u_fsm.$procmux$487.
    dead port 2/2 on $mux $flatten\u_fsm.$procmux$489.
    dead port 2/2 on $mux $flatten\u_fsm.$procmux$495.
    dead port 2/2 on $mux $flatten\u_fsm.$procmux$503.
    dead port 2/2 on $mux $flatten\u_fsm.$procmux$512.
    dead port 2/2 on $mux $flatten\u_fsm.$procmux$522.
    dead port 1/2 on $mux $flatten\u_kbd.$procmux$1007.
    dead port 1/2 on $mux $flatten\u_kbd.$procmux$1010.
    dead port 2/2 on $mux $flatten\u_kbd.$procmux$1012.
    dead port 1/2 on $mux $flatten\u_kbd.$procmux$1021.
    dead port 1/2 on $mux $flatten\u_kbd.$procmux$1024.
    dead port 2/2 on $mux $flatten\u_kbd.$procmux$1026.
    dead port 1/2 on $mux $flatten\u_kbd.$procmux$1035.
    dead port 2/2 on $mux $flatten\u_kbd.$procmux$1037.
    dead port 1/2 on $mux $flatten\u_kbd.$procmux$1046.
    dead port 2/2 on $mux $flatten\u_kbd.$procmux$1048.
    dead port 2/2 on $mux $flatten\u_kbd.$procmux$1056.
    dead port 2/2 on $mux $flatten\u_kbd.$procmux$1064.
    dead port 1/2 on $mux $flatten\u_kbd.$procmux$796.
    dead port 1/2 on $mux $flatten\u_kbd.$procmux$799.
    dead port 1/2 on $mux $flatten\u_kbd.$procmux$802.
    dead port 2/2 on $mux $flatten\u_kbd.$procmux$804.
    dead port 1/2 on $mux $flatten\u_kbd.$procmux$811.
    dead port 1/2 on $mux $flatten\u_kbd.$procmux$814.
    dead port 1/2 on $mux $flatten\u_kbd.$procmux$817.
    dead port 2/2 on $mux $flatten\u_kbd.$procmux$819.
    dead port 1/2 on $mux $flatten\u_kbd.$procmux$826.
    dead port 1/2 on $mux $flatten\u_kbd.$procmux$829.
    dead port 2/2 on $mux $flatten\u_kbd.$procmux$831.
    dead port 1/2 on $mux $flatten\u_kbd.$procmux$838.
    dead port 1/2 on $mux $flatten\u_kbd.$procmux$841.
    dead port 2/2 on $mux $flatten\u_kbd.$procmux$843.
    dead port 1/2 on $mux $flatten\u_kbd.$procmux$850.
    dead port 2/2 on $mux $flatten\u_kbd.$procmux$852.
    dead port 1/2 on $mux $flatten\u_kbd.$procmux$859.
    dead port 2/2 on $mux $flatten\u_kbd.$procmux$861.
    dead port 2/2 on $mux $flatten\u_kbd.$procmux$867.
    dead port 2/2 on $mux $flatten\u_kbd.$procmux$873.
    dead port 1/2 on $mux $flatten\u_kbd.$procmux$881.
    dead port 1/2 on $mux $flatten\u_kbd.$procmux$884.
    dead port 1/2 on $mux $flatten\u_kbd.$procmux$887.
    dead port 2/2 on $mux $flatten\u_kbd.$procmux$889.
    dead port 1/2 on $mux $flatten\u_kbd.$procmux$896.
    dead port 1/2 on $mux $flatten\u_kbd.$procmux$899.
    dead port 1/2 on $mux $flatten\u_kbd.$procmux$902.
    dead port 2/2 on $mux $flatten\u_kbd.$procmux$904.
    dead port 1/2 on $mux $flatten\u_kbd.$procmux$912.
    dead port 1/2 on $mux $flatten\u_kbd.$procmux$915.
    dead port 2/2 on $mux $flatten\u_kbd.$procmux$917.
    dead port 1/2 on $mux $flatten\u_kbd.$procmux$925.
    dead port 1/2 on $mux $flatten\u_kbd.$procmux$928.
    dead port 2/2 on $mux $flatten\u_kbd.$procmux$930.
    dead port 1/2 on $mux $flatten\u_kbd.$procmux$938.
    dead port 2/2 on $mux $flatten\u_kbd.$procmux$940.
    dead port 1/2 on $mux $flatten\u_kbd.$procmux$948.
    dead port 2/2 on $mux $flatten\u_kbd.$procmux$950.
    dead port 2/2 on $mux $flatten\u_kbd.$procmux$957.
    dead port 2/2 on $mux $flatten\u_kbd.$procmux$964.
    dead port 1/2 on $mux $flatten\u_kbd.$procmux$973.
    dead port 1/2 on $mux $flatten\u_kbd.$procmux$976.
    dead port 1/2 on $mux $flatten\u_kbd.$procmux$979.
    dead port 2/2 on $mux $flatten\u_kbd.$procmux$981.
    dead port 1/2 on $mux $flatten\u_kbd.$procmux$990.
    dead port 1/2 on $mux $flatten\u_kbd.$procmux$993.
    dead port 1/2 on $mux $flatten\u_kbd.$procmux$996.
    dead port 2/2 on $mux $flatten\u_kbd.$procmux$998.
Removed 66 multiplexer ports.
<suppressed ~57 debug messages>

11.7.5.4. Executing OPT_REDUCE pass (consolidate $*mux and $reduce_* inputs).
  Optimizing cells in module \top.
    New ctrl vector for $pmux cell $flatten\u_fsm.$procmux$541: $auto$opt_reduce.cc:134:opt_pmux$1122
  Optimizing cells in module \top.
Performed a total of 1 changes.

11.7.5.5. Executing OPT_MERGE pass (detect identical cells).
Finding identical cells in module `\top'.
<suppressed ~24 debug messages>
Removed a total of 8 cells.

11.7.5.6. Executing OPT_DFF pass (perform DFF optimizations).

11.7.5.7. Executing OPT_CLEAN pass (remove unused cells and wires).
Finding unused cells or wires in module \top..
Removed 0 unused cells and 129 unused wires.
<suppressed ~1 debug messages>

11.7.5.8. Executing OPT_EXPR pass (perform const folding).
Optimizing module top.

11.7.5.9. Rerunning OPT passes. (Maybe there is more to do..)

11.7.5.10. Executing OPT_MUXTREE pass (detect dead branches in mux trees).
Running muxtree optimizer on module \top..
  Creating internal representation of mux trees.
  Evaluating internal representation of mux trees.
  Analyzing evaluation results.
Removed 0 multiplexer ports.
<suppressed ~57 debug messages>

11.7.5.11. Executing OPT_REDUCE pass (consolidate $*mux and $reduce_* inputs).
  Optimizing cells in module \top.
    New ctrl vector for $pmux cell $flatten\u_kbd.$procmux$1067: $auto$opt_reduce.cc:134:opt_pmux$1124
  Optimizing cells in module \top.
Performed a total of 1 changes.

11.7.5.12. Executing OPT_MERGE pass (detect identical cells).
Finding identical cells in module `\top'.
Removed a total of 0 cells.

11.7.5.13. Executing OPT_DFF pass (perform DFF optimizations).

11.7.5.14. Executing OPT_CLEAN pass (remove unused cells and wires).
Finding unused cells or wires in module \top..

11.7.5.15. Executing OPT_EXPR pass (perform const folding).
Optimizing module top.

11.7.5.16. Rerunning OPT passes. (Maybe there is more to do..)

11.7.5.17. Executing OPT_MUXTREE pass (detect dead branches in mux trees).
Running muxtree optimizer on module \top..
  Creating internal representation of mux trees.
  Evaluating internal representation of mux trees.
  Analyzing evaluation results.
Removed 0 multiplexer ports.
<suppressed ~57 debug messages>

11.7.5.18. Executing OPT_REDUCE pass (consolidate $*mux and $reduce_* inputs).
  Optimizing cells in module \top.
Performed a total of 0 changes.

11.7.5.19. Executing OPT_MERGE pass (detect identical cells).
Finding identical cells in module `\top'.
Removed a total of 0 cells.

11.7.5.20. Executing OPT_DFF pass (perform DFF optimizations).

11.7.5.21. Executing OPT_CLEAN pass (remove unused cells and wires).
Finding unused cells or wires in module \top..

11.7.5.22. Executing OPT_EXPR pass (perform const folding).
Optimizing module top.

11.7.5.23. Finished OPT passes. (There is nothing left to do.)

11.7.6. Executing FSM pass (extract and optimize FSM).

11.7.6.1. Executing FSM_DETECT pass (finding FSMs in design).
Not marking top.u_b3.d0_1 as FSM state register:
    Users of register don't seem to benefit from recoding.
Not marking top.u_b3.d0_2 as FSM state register:
    Users of register don't seem to benefit from recoding.
Found FSM state register top.u_fsm.state.

11.7.6.2. Executing FSM_EXTRACT pass (extracting FSM from design).
Extracting FSM `\u_fsm.state' from module `\top'.
  found $dff cell for state register: $flatten\u_fsm.$procdff$1108
  root of input selection tree: $flatten\u_fsm.$0\state[2:0]
  found reset state: 3'000 (guessed from mux tree)
  found ctrl input: \rst
  found state code: 3'000
  found ctrl input: $flatten\u_fsm.$procmux$490_CMP
  found ctrl input: $flatten\u_fsm.$procmux$527_CMP
  found ctrl input: $flatten\u_fsm.$procmux$504_CMP
  found ctrl input: $flatten\u_fsm.$procmux$513_CMP
  found ctrl input: $flatten\u_fsm.$procmux$523_CMP
  found ctrl input: \u_b3.tecla_valida
  found ctrl input: $flatten\u_fsm.$lt$../design/FSM_calculadora.sv:100$164_Y
  found state code: 3'100
  found ctrl input: $flatten\u_fsm.$logic_and$../design/FSM_calculadora.sv:80$163_Y
  found state code: 3'011
  found ctrl input: $flatten\u_fsm.$logic_and$../design/FSM_calculadora.sv:69$161_Y
  found state code: 3'010
  found ctrl input: $flatten\u_fsm.$logic_and$../design/FSM_calculadora.sv:59$159_Y
  found state code: 3'001
  found ctrl output: $flatten\u_fsm.$procmux$527_CMP
  found ctrl output: $flatten\u_fsm.$procmux$523_CMP
  found ctrl output: $flatten\u_fsm.$procmux$513_CMP
  found ctrl output: $flatten\u_fsm.$procmux$504_CMP
  found ctrl output: $flatten\u_fsm.$procmux$490_CMP
  ctrl inputs: { \u_b3.tecla_valida $flatten\u_fsm.$logic_and$../design/FSM_calculadora.sv:59$159_Y $flatten\u_fsm.$logic_and$../design/FSM_calculadora.sv:69$161_Y $flatten\u_fsm.$logic_and$../design/FSM_calculadora.sv:80$163_Y $flatten\u_fsm.$lt$../design/FSM_calculadora.sv:100$164_Y \rst }
  ctrl outputs: { $flatten\u_fsm.$0\state[2:0] $flatten\u_fsm.$procmux$490_CMP $flatten\u_fsm.$procmux$504_CMP $flatten\u_fsm.$procmux$513_CMP $flatten\u_fsm.$procmux$523_CMP $flatten\u_fsm.$procmux$527_CMP }
  transition:      3'000 6'-----0 ->      3'000 8'00000010
  transition:      3'000 6'-0---1 ->      3'000 8'00000010
  transition:      3'000 6'-1---1 ->      3'001 8'00100010
  transition:      3'100 6'-----0 ->      3'000 8'00010000
  transition:      3'100 6'0----1 ->      3'100 8'10010000
  transition:      3'100 6'1---01 ->      3'100 8'10010000
  transition:      3'100 6'1---11 ->      3'000 8'00010000
  transition:      3'010 6'-----0 ->      3'000 8'00001000
  transition:      3'010 6'---0-1 ->      3'010 8'01001000
  transition:      3'010 6'---1-1 ->      3'011 8'01101000
  transition:      3'001 6'-----0 ->      3'000 8'00000100
  transition:      3'001 6'--0--1 ->      3'001 8'00100100
  transition:      3'001 6'--1--1 ->      3'010 8'01000100
  transition:      3'011 6'-----0 ->      3'000 8'00000001
  transition:      3'011 6'-----1 ->      3'100 8'10000001

11.7.6.3. Executing FSM_OPT pass (simple optimizations of FSMs).
Optimizing FSM `$fsm$\u_fsm.state$1125' from module `\top'.

11.7.6.4. Executing OPT_CLEAN pass (remove unused cells and wires).
Finding unused cells or wires in module \top..
Removed 13 unused cells and 13 unused wires.
<suppressed ~15 debug messages>

11.7.6.5. Executing FSM_OPT pass (simple optimizations of FSMs).
Optimizing FSM `$fsm$\u_fsm.state$1125' from module `\top'.
  Removing unused output signal $flatten\u_fsm.$procmux$523_CMP.
  Removing unused output signal $flatten\u_fsm.$0\state[2:0] [0].
  Removing unused output signal $flatten\u_fsm.$0\state[2:0] [1].
  Removing unused output signal $flatten\u_fsm.$0\state[2:0] [2].

11.7.6.6. Executing FSM_RECODE pass (re-assigning FSM state encoding).
Recoding FSM `$fsm$\u_fsm.state$1125' from module `\top' using `auto' encoding:
  mapping auto encoding to `one-hot` for this FSM.
  000 -> ----1
  100 -> ---1-
  010 -> --1--
  001 -> -1---
  011 -> 1----

11.7.6.7. Executing FSM_INFO pass (dumping all available information on FSM cells).

FSM `$fsm$\u_fsm.state$1125' from module `top':
-------------------------------------

  Information on FSM $fsm$\u_fsm.state$1125 (\u_fsm.state):

  Number of input signals:    6
  Number of output signals:   4
  Number of state bits:       5

  Input signals:
    0: \rst
    1: $flatten\u_fsm.$lt$../design/FSM_calculadora.sv:100$164_Y
    2: $flatten\u_fsm.$logic_and$../design/FSM_calculadora.sv:80$163_Y
    3: $flatten\u_fsm.$logic_and$../design/FSM_calculadora.sv:69$161_Y
    4: $flatten\u_fsm.$logic_and$../design/FSM_calculadora.sv:59$159_Y
    5: \u_b3.tecla_valida

  Output signals:
    0: $flatten\u_fsm.$procmux$527_CMP
    1: $flatten\u_fsm.$procmux$513_CMP
    2: $flatten\u_fsm.$procmux$504_CMP
    3: $flatten\u_fsm.$procmux$490_CMP

  State encoding:
    0:    5'----1  <RESET STATE>
    1:    5'---1-
    2:    5'--1--
    3:    5'-1---
    4:    5'1----

  Transition Table (state_in, ctrl_in, state_out, ctrl_out):
      0:     0 6'-----0   ->     0 4'0000
      1:     0 6'-0---1   ->     0 4'0000
      2:     0 6'-1---1   ->     3 4'0000
      3:     1 6'-----0   ->     0 4'1000
      4:     1 6'1---11   ->     0 4'1000
      5:     1 6'1---01   ->     1 4'1000
      6:     1 6'0----1   ->     1 4'1000
      7:     2 6'-----0   ->     0 4'0100
      8:     2 6'---0-1   ->     2 4'0100
      9:     2 6'---1-1   ->     4 4'0100
     10:     3 6'-----0   ->     0 4'0010
     11:     3 6'--1--1   ->     2 4'0010
     12:     3 6'--0--1   ->     3 4'0010
     13:     4 6'-----0   ->     0 4'0001
     14:     4 6'-----1   ->     1 4'0001

-------------------------------------

11.7.6.8. Executing FSM_MAP pass (mapping FSMs to basic logic).
Mapping FSM `$fsm$\u_fsm.state$1125' from module `\top'.

11.7.7. Executing OPT pass (performing simple optimizations).

11.7.7.1. Executing OPT_EXPR pass (perform const folding).
Optimizing module top.
<suppressed ~2 debug messages>

11.7.7.2. Executing OPT_MERGE pass (detect identical cells).
Finding identical cells in module `\top'.
Removed a total of 0 cells.

11.7.7.3. Executing OPT_MUXTREE pass (detect dead branches in mux trees).
Running muxtree optimizer on module \top..
  Creating internal representation of mux trees.
  Evaluating internal representation of mux trees.
  Analyzing evaluation results.
Removed 0 multiplexer ports.
<suppressed ~56 debug messages>

11.7.7.4. Executing OPT_REDUCE pass (consolidate $*mux and $reduce_* inputs).
  Optimizing cells in module \top.
Performed a total of 0 changes.

11.7.7.5. Executing OPT_MERGE pass (detect identical cells).
Finding identical cells in module `\top'.
Removed a total of 0 cells.

11.7.7.6. Executing OPT_DFF pass (perform DFF optimizations).
Adding SRST signal on $flatten\u_mux.$procdff$1109 ($dff) from module top (D = $flatten\u_mux.$add$../design/display_multiplexer.sv:16$152_Y [15:0], Q = \u_mux.sel, rval = 16'0000000000000000).
Adding EN signal on $flatten\u_kbd.$procdff$1120 ($dff) from module top (D = $flatten\u_kbd.$procmux$1084_Y, Q = \u_kbd.estado).
Adding SRST signal on $auto$ff.cc:266:slice$1183 ($dffe) from module top (D = $flatten\u_kbd.$add$../design/B1_lector_teclado.sv:26$5_Y [1:0], Q = \u_kbd.estado, rval = 2'00).
Adding SRST signal on $flatten\u_kbd.$procdff$1119 ($dff) from module top (D = $flatten\u_kbd.$add$../design/B1_lector_teclado.sv:18$2_Y [24:0], Q = \u_kbd.contador, rval = 25'0000000000000000000000000).
Adding SRST signal on $flatten\u_b4.$procdff$1110 ($dff) from module top (D = $flatten\u_b4.$procmux$735_Y, Q = \u_b4.resultado, rval = 12'000000000000).
Adding EN signal on $auto$ff.cc:266:slice$1186 ($sdff) from module top (D = $flatten\u_b4.$add$../design/B4_sumar_numero.sv:41$38_Y, Q = \u_b4.resultado).
Adding SRST signal on $flatten\u_b3.$procdff$1118 ($dff) from module top (D = \u_b3.tecla_valida, Q = \u_b3.tecla_valida_d, rval = 1'0).
Adding SRST signal on $flatten\u_b3.$procdff$1117 ($dff) from module top (D = $flatten\u_b3.$procmux$743_Y, Q = \u_b3.d2_2, rval = 4'0000).
Adding EN signal on $auto$ff.cc:266:slice$1189 ($sdff) from module top (D = \u_b3.d1_2, Q = \u_b3.d2_2).
Adding SRST signal on $flatten\u_b3.$procdff$1116 ($dff) from module top (D = $flatten\u_b3.$procmux$751_Y, Q = \u_b3.d1_2, rval = 4'0000).
Adding EN signal on $auto$ff.cc:266:slice$1193 ($sdff) from module top (D = \u_b3.d0_2, Q = \u_b3.d1_2).
Adding SRST signal on $flatten\u_b3.$procdff$1115 ($dff) from module top (D = $flatten\u_b3.$procmux$759_Y, Q = \u_b3.d0_2, rval = 4'0000).
Adding EN signal on $auto$ff.cc:266:slice$1197 ($sdff) from module top (D = \u_b3.tecla, Q = \u_b3.d0_2).
Adding SRST signal on $flatten\u_b3.$procdff$1114 ($dff) from module top (D = $flatten\u_b3.$procmux$767_Y, Q = \u_b3.d2_1, rval = 4'0000).
Adding EN signal on $auto$ff.cc:266:slice$1201 ($sdff) from module top (D = \u_b3.d1_1, Q = \u_b3.d2_1).
Adding SRST signal on $flatten\u_b3.$procdff$1113 ($dff) from module top (D = $flatten\u_b3.$procmux$775_Y, Q = \u_b3.d1_1, rval = 4'0000).
Adding EN signal on $auto$ff.cc:266:slice$1207 ($sdff) from module top (D = \u_b3.d0_1, Q = \u_b3.d1_1).
Adding SRST signal on $flatten\u_b3.$procdff$1112 ($dff) from module top (D = $flatten\u_b3.$procmux$783_Y, Q = \u_b3.d0_1, rval = 4'0000).
Adding EN signal on $auto$ff.cc:266:slice$1213 ($sdff) from module top (D = \u_b3.tecla, Q = \u_b3.d0_1).

11.7.7.7. Executing OPT_CLEAN pass (remove unused cells and wires).
Finding unused cells or wires in module \top..
Removed 25 unused cells and 34 unused wires.
<suppressed ~26 debug messages>

11.7.7.8. Executing OPT_EXPR pass (perform const folding).
Optimizing module top.

11.7.7.9. Rerunning OPT passes. (Maybe there is more to do..)

11.7.7.10. Executing OPT_MUXTREE pass (detect dead branches in mux trees).
Running muxtree optimizer on module \top..
  Creating internal representation of mux trees.
  Evaluating internal representation of mux trees.
  Analyzing evaluation results.
Removed 0 multiplexer ports.
<suppressed ~45 debug messages>

11.7.7.11. Executing OPT_REDUCE pass (consolidate $*mux and $reduce_* inputs).
  Optimizing cells in module \top.
Performed a total of 0 changes.

11.7.7.12. Executing OPT_MERGE pass (detect identical cells).
Finding identical cells in module `\top'.
<suppressed ~18 debug messages>
Removed a total of 6 cells.

11.7.7.13. Executing OPT_DFF pass (perform DFF optimizations).

11.7.7.14. Executing OPT_CLEAN pass (remove unused cells and wires).
Finding unused cells or wires in module \top..
Removed 0 unused cells and 6 unused wires.
<suppressed ~1 debug messages>

11.7.7.15. Executing OPT_EXPR pass (perform const folding).
Optimizing module top.

11.7.7.16. Rerunning OPT passes. (Maybe there is more to do..)

11.7.7.17. Executing OPT_MUXTREE pass (detect dead branches in mux trees).
Running muxtree optimizer on module \top..
  Creating internal representation of mux trees.
  Evaluating internal representation of mux trees.
  Analyzing evaluation results.
Removed 0 multiplexer ports.
<suppressed ~45 debug messages>

11.7.7.18. Executing OPT_REDUCE pass (consolidate $*mux and $reduce_* inputs).
  Optimizing cells in module \top.
Performed a total of 0 changes.

11.7.7.19. Executing OPT_MERGE pass (detect identical cells).
Finding identical cells in module `\top'.
Removed a total of 0 cells.

11.7.7.20. Executing OPT_DFF pass (perform DFF optimizations).

11.7.7.21. Executing OPT_CLEAN pass (remove unused cells and wires).
Finding unused cells or wires in module \top..

11.7.7.22. Executing OPT_EXPR pass (perform const folding).
Optimizing module top.

11.7.7.23. Finished OPT passes. (There is nothing left to do.)

11.7.8. Executing WREDUCE pass (reducing word size of cells).
Removed top 28 address bits (of 32) from memory init port top.$flatten\u_dec.$auto$mem.cc:319:emit$437 ($flatten\u_dec.$auto$proc_rom.cc:150:do_switch$435).
Removed top 1 bits (of 2) from port B of cell top.$auto$fsm_map.cc:77:implement_pattern_cache$1170 ($eq).
Removed top 1 bits (of 2) from port B of cell top.$flatten\u_kbd.$procmux$1069_CMP0 ($eq).
Removed top 31 bits (of 32) from port B of cell top.$flatten\u_kbd.$add$../design/B1_lector_teclado.sv:26$5 ($add).
Removed top 30 bits (of 32) from port Y of cell top.$flatten\u_kbd.$add$../design/B1_lector_teclado.sv:26$5 ($add).
Removed top 15 bits (of 32) from port B of cell top.$flatten\u_kbd.$ge$../design/B1_lector_teclado.sv:20$3 ($ge).
Removed top 31 bits (of 32) from port B of cell top.$flatten\u_kbd.$add$../design/B1_lector_teclado.sv:18$2 ($add).
Removed top 7 bits (of 32) from port Y of cell top.$flatten\u_kbd.$add$../design/B1_lector_teclado.sv:18$2 ($add).
Removed top 1 bits (of 2) from port B of cell top.$auto$fsm_map.cc:77:implement_pattern_cache$1161 ($eq).
Removed top 1 bits (of 2) from port B of cell top.$auto$fsm_map.cc:77:implement_pattern_cache$1143 ($eq).
Removed top 1 bits (of 2) from port B of cell top.$auto$fsm_map.cc:77:implement_pattern_cache$1152 ($eq).
Removed top 21 bits (of 32) from port Y of cell top.$flatten\u_b4.$add$../design/B4_sumar_numero.sv:27$35 ($add).
Removed top 21 bits (of 32) from port A of cell top.$flatten\u_b4.$add$../design/B4_sumar_numero.sv:27$35 ($add).
Removed top 21 bits (of 32) from port Y of cell top.$flatten\u_b4.$add$../design/B4_sumar_numero.sv:27$34 ($add).
Removed top 21 bits (of 32) from port A of cell top.$flatten\u_b4.$add$../design/B4_sumar_numero.sv:27$34 ($add).
Removed top 21 bits (of 32) from port B of cell top.$flatten\u_b4.$add$../design/B4_sumar_numero.sv:27$34 ($add).
Removed top 28 bits (of 31) from port B of cell top.$flatten\u_b4.$mul$../design/B4_sumar_numero.sv:27$33 ($mul).
Removed top 24 bits (of 31) from port Y of cell top.$flatten\u_b4.$mul$../design/B4_sumar_numero.sv:27$33 ($mul).
Removed top 25 bits (of 30) from port B of cell top.$flatten\u_b4.$mul$../design/B4_sumar_numero.sv:27$32 ($mul).
Removed top 21 bits (of 30) from port Y of cell top.$flatten\u_b4.$mul$../design/B4_sumar_numero.sv:27$32 ($mul).
Removed top 21 bits (of 32) from port Y of cell top.$flatten\u_b4.$add$../design/B4_sumar_numero.sv:26$31 ($add).
Removed top 21 bits (of 32) from port A of cell top.$flatten\u_b4.$add$../design/B4_sumar_numero.sv:26$31 ($add).
Removed top 21 bits (of 32) from port Y of cell top.$flatten\u_b4.$add$../design/B4_sumar_numero.sv:26$30 ($add).
Removed top 21 bits (of 32) from port A of cell top.$flatten\u_b4.$add$../design/B4_sumar_numero.sv:26$30 ($add).
Removed top 21 bits (of 32) from port B of cell top.$flatten\u_b4.$add$../design/B4_sumar_numero.sv:26$30 ($add).
Removed top 28 bits (of 31) from port B of cell top.$flatten\u_b4.$mul$../design/B4_sumar_numero.sv:26$29 ($mul).
Removed top 24 bits (of 31) from port Y of cell top.$flatten\u_b4.$mul$../design/B4_sumar_numero.sv:26$29 ($mul).
Removed top 25 bits (of 30) from port B of cell top.$flatten\u_b4.$mul$../design/B4_sumar_numero.sv:26$28 ($mul).
Removed top 21 bits (of 30) from port Y of cell top.$flatten\u_b4.$mul$../design/B4_sumar_numero.sv:26$28 ($mul).
Removed top 1 bits (of 4) from mux cell top.$flatten\u_bcd.$procmux$594 ($mux).
Removed top 30 bits (of 32) from port B of cell top.$flatten\u_bcd.$add$../design/bin2bcd.sv:30$147 ($add).
Removed top 28 bits (of 32) from port Y of cell top.$flatten\u_bcd.$add$../design/bin2bcd.sv:30$147 ($add).
Removed top 29 bits (of 32) from port B of cell top.$flatten\u_bcd.$ge$../design/bin2bcd.sv:30$146 ($ge).
Removed top 30 bits (of 32) from port B of cell top.$flatten\u_bcd.$add$../design/bin2bcd.sv:29$145 ($add).
Removed top 28 bits (of 32) from port Y of cell top.$flatten\u_bcd.$add$../design/bin2bcd.sv:29$145 ($add).
Removed top 29 bits (of 32) from port B of cell top.$flatten\u_bcd.$ge$../design/bin2bcd.sv:29$144 ($ge).
Removed top 30 bits (of 32) from port B of cell top.$flatten\u_bcd.$add$../design/bin2bcd.sv:28$143 ($add).
Removed top 28 bits (of 32) from port Y of cell top.$flatten\u_bcd.$add$../design/bin2bcd.sv:28$143 ($add).
Removed top 29 bits (of 32) from port B of cell top.$flatten\u_bcd.$ge$../design/bin2bcd.sv:28$142 ($ge).
Removed top 30 bits (of 32) from port B of cell top.$flatten\u_bcd.$add$../design/bin2bcd.sv:27$141 ($add).
Removed top 29 bits (of 32) from port Y of cell top.$flatten\u_bcd.$add$../design/bin2bcd.sv:27$141 ($add).
Removed top 1 bits (of 4) from port A of cell top.$flatten\u_bcd.$add$../design/bin2bcd.sv:27$141 ($add).
Removed top 29 bits (of 32) from port B of cell top.$flatten\u_bcd.$ge$../design/bin2bcd.sv:27$140 ($ge).
Removed top 30 bits (of 32) from port B of cell top.$flatten\u_bcd.$add$../design/bin2bcd.sv:30$138 ($add).
Removed top 28 bits (of 32) from port Y of cell top.$flatten\u_bcd.$add$../design/bin2bcd.sv:30$138 ($add).
Removed top 29 bits (of 32) from port B of cell top.$flatten\u_bcd.$ge$../design/bin2bcd.sv:30$137 ($ge).
Removed top 30 bits (of 32) from port B of cell top.$flatten\u_bcd.$add$../design/bin2bcd.sv:29$136 ($add).
Removed top 28 bits (of 32) from port Y of cell top.$flatten\u_bcd.$add$../design/bin2bcd.sv:29$136 ($add).
Removed top 29 bits (of 32) from port B of cell top.$flatten\u_bcd.$ge$../design/bin2bcd.sv:29$135 ($ge).
Removed top 30 bits (of 32) from port B of cell top.$flatten\u_bcd.$add$../design/bin2bcd.sv:28$134 ($add).
Removed top 28 bits (of 32) from port Y of cell top.$flatten\u_bcd.$add$../design/bin2bcd.sv:28$134 ($add).
Removed top 29 bits (of 32) from port B of cell top.$flatten\u_bcd.$ge$../design/bin2bcd.sv:28$133 ($ge).
Removed top 30 bits (of 32) from port B of cell top.$flatten\u_bcd.$add$../design/bin2bcd.sv:27$132 ($add).
Removed top 28 bits (of 32) from port Y of cell top.$flatten\u_bcd.$add$../design/bin2bcd.sv:27$132 ($add).
Removed top 29 bits (of 32) from port B of cell top.$flatten\u_bcd.$ge$../design/bin2bcd.sv:27$131 ($ge).
Removed top 30 bits (of 32) from port B of cell top.$flatten\u_bcd.$add$../design/bin2bcd.sv:30$129 ($add).
Removed top 28 bits (of 32) from port Y of cell top.$flatten\u_bcd.$add$../design/bin2bcd.sv:30$129 ($add).
Removed top 29 bits (of 32) from port B of cell top.$flatten\u_bcd.$ge$../design/bin2bcd.sv:30$128 ($ge).
Removed top 30 bits (of 32) from port B of cell top.$flatten\u_bcd.$add$../design/bin2bcd.sv:29$127 ($add).
Removed top 28 bits (of 32) from port Y of cell top.$flatten\u_bcd.$add$../design/bin2bcd.sv:29$127 ($add).
Removed top 29 bits (of 32) from port B of cell top.$flatten\u_bcd.$ge$../design/bin2bcd.sv:29$126 ($ge).
Removed top 30 bits (of 32) from port B of cell top.$flatten\u_bcd.$add$../design/bin2bcd.sv:28$125 ($add).
Removed top 28 bits (of 32) from port Y of cell top.$flatten\u_bcd.$add$../design/bin2bcd.sv:28$125 ($add).
Removed top 29 bits (of 32) from port B of cell top.$flatten\u_bcd.$ge$../design/bin2bcd.sv:28$124 ($ge).
Removed top 30 bits (of 32) from port B of cell top.$flatten\u_bcd.$add$../design/bin2bcd.sv:27$123 ($add).
Removed top 28 bits (of 32) from port Y of cell top.$flatten\u_bcd.$add$../design/bin2bcd.sv:27$123 ($add).
Removed top 29 bits (of 32) from port B of cell top.$flatten\u_bcd.$ge$../design/bin2bcd.sv:27$122 ($ge).
Removed top 1 bits (of 4) from mux cell top.$flatten\u_bcd.$procmux$666 ($mux).
Removed top 30 bits (of 32) from port B of cell top.$flatten\u_bcd.$add$../design/bin2bcd.sv:30$120 ($add).
Removed top 28 bits (of 32) from port Y of cell top.$flatten\u_bcd.$add$../design/bin2bcd.sv:30$120 ($add).
Removed top 29 bits (of 32) from port B of cell top.$flatten\u_bcd.$ge$../design/bin2bcd.sv:30$119 ($ge).
Removed top 30 bits (of 32) from port B of cell top.$flatten\u_bcd.$add$../design/bin2bcd.sv:29$118 ($add).
Removed top 28 bits (of 32) from port Y of cell top.$flatten\u_bcd.$add$../design/bin2bcd.sv:29$118 ($add).
Removed top 29 bits (of 32) from port B of cell top.$flatten\u_bcd.$ge$../design/bin2bcd.sv:29$117 ($ge).
Removed top 30 bits (of 32) from port B of cell top.$flatten\u_bcd.$add$../design/bin2bcd.sv:28$116 ($add).
Removed top 28 bits (of 32) from port Y of cell top.$flatten\u_bcd.$add$../design/bin2bcd.sv:28$116 ($add).
Removed top 29 bits (of 32) from port B of cell top.$flatten\u_bcd.$ge$../design/bin2bcd.sv:28$115 ($ge).
Removed top 30 bits (of 32) from port B of cell top.$flatten\u_bcd.$add$../design/bin2bcd.sv:27$114 ($add).
Removed top 28 bits (of 32) from port Y of cell top.$flatten\u_bcd.$add$../design/bin2bcd.sv:27$114 ($add).
Removed top 29 bits (of 32) from port B of cell top.$flatten\u_bcd.$ge$../design/bin2bcd.sv:27$113 ($ge).
Removed top 30 bits (of 32) from port B of cell top.$flatten\u_bcd.$add$../design/bin2bcd.sv:30$111 ($add).
Removed top 28 bits (of 32) from port Y of cell top.$flatten\u_bcd.$add$../design/bin2bcd.sv:30$111 ($add).
Removed top 29 bits (of 32) from port B of cell top.$flatten\u_bcd.$ge$../design/bin2bcd.sv:30$110 ($ge).
Removed top 30 bits (of 32) from port B of cell top.$flatten\u_bcd.$add$../design/bin2bcd.sv:29$109 ($add).
Removed top 28 bits (of 32) from port Y of cell top.$flatten\u_bcd.$add$../design/bin2bcd.sv:29$109 ($add).
Removed top 29 bits (of 32) from port B of cell top.$flatten\u_bcd.$ge$../design/bin2bcd.sv:29$108 ($ge).
Removed top 30 bits (of 32) from port B of cell top.$flatten\u_bcd.$add$../design/bin2bcd.sv:28$107 ($add).
Removed top 28 bits (of 32) from port Y of cell top.$flatten\u_bcd.$add$../design/bin2bcd.sv:28$107 ($add).
Removed top 29 bits (of 32) from port B of cell top.$flatten\u_bcd.$ge$../design/bin2bcd.sv:28$106 ($ge).
Removed top 30 bits (of 32) from port B of cell top.$flatten\u_bcd.$add$../design/bin2bcd.sv:27$105 ($add).
Removed top 28 bits (of 32) from port Y of cell top.$flatten\u_bcd.$add$../design/bin2bcd.sv:27$105 ($add).
Removed top 29 bits (of 32) from port B of cell top.$flatten\u_bcd.$ge$../design/bin2bcd.sv:27$104 ($ge).
Removed top 30 bits (of 32) from port B of cell top.$flatten\u_bcd.$add$../design/bin2bcd.sv:30$102 ($add).
Removed top 28 bits (of 32) from port Y of cell top.$flatten\u_bcd.$add$../design/bin2bcd.sv:30$102 ($add).
Removed top 29 bits (of 32) from port B of cell top.$flatten\u_bcd.$ge$../design/bin2bcd.sv:30$101 ($ge).
Removed top 30 bits (of 32) from port B of cell top.$flatten\u_bcd.$add$../design/bin2bcd.sv:29$100 ($add).
Removed top 28 bits (of 32) from port Y of cell top.$flatten\u_bcd.$add$../design/bin2bcd.sv:29$100 ($add).
Removed top 29 bits (of 32) from port B of cell top.$flatten\u_bcd.$ge$../design/bin2bcd.sv:29$99 ($ge).
Removed top 30 bits (of 32) from port B of cell top.$flatten\u_bcd.$add$../design/bin2bcd.sv:28$98 ($add).
Removed top 28 bits (of 32) from port Y of cell top.$flatten\u_bcd.$add$../design/bin2bcd.sv:28$98 ($add).
Removed top 29 bits (of 32) from port B of cell top.$flatten\u_bcd.$ge$../design/bin2bcd.sv:28$97 ($ge).
Removed top 30 bits (of 32) from port B of cell top.$flatten\u_bcd.$add$../design/bin2bcd.sv:27$96 ($add).
Removed top 28 bits (of 32) from port Y of cell top.$flatten\u_bcd.$add$../design/bin2bcd.sv:27$96 ($add).
Removed top 29 bits (of 32) from port B of cell top.$flatten\u_bcd.$ge$../design/bin2bcd.sv:27$95 ($ge).
Removed top 30 bits (of 32) from port B of cell top.$flatten\u_bcd.$add$../design/bin2bcd.sv:30$93 ($add).
Removed top 28 bits (of 32) from port Y of cell top.$flatten\u_bcd.$add$../design/bin2bcd.sv:30$93 ($add).
Removed top 29 bits (of 32) from port B of cell top.$flatten\u_bcd.$ge$../design/bin2bcd.sv:30$92 ($ge).
Removed top 30 bits (of 32) from port B of cell top.$flatten\u_bcd.$add$../design/bin2bcd.sv:29$91 ($add).
Removed top 28 bits (of 32) from port Y of cell top.$flatten\u_bcd.$add$../design/bin2bcd.sv:29$91 ($add).
Removed top 29 bits (of 32) from port B of cell top.$flatten\u_bcd.$ge$../design/bin2bcd.sv:29$90 ($ge).
Removed top 30 bits (of 32) from port B of cell top.$flatten\u_bcd.$add$../design/bin2bcd.sv:28$89 ($add).
Removed top 28 bits (of 32) from port Y of cell top.$flatten\u_bcd.$add$../design/bin2bcd.sv:28$89 ($add).
Removed top 29 bits (of 32) from port B of cell top.$flatten\u_bcd.$ge$../design/bin2bcd.sv:28$88 ($ge).
Removed top 30 bits (of 32) from port B of cell top.$flatten\u_bcd.$add$../design/bin2bcd.sv:27$87 ($add).
Removed top 29 bits (of 32) from port Y of cell top.$flatten\u_bcd.$add$../design/bin2bcd.sv:27$87 ($add).
Removed top 1 bits (of 4) from port A of cell top.$flatten\u_bcd.$add$../design/bin2bcd.sv:27$87 ($add).
Removed top 29 bits (of 32) from port B of cell top.$flatten\u_bcd.$ge$../design/bin2bcd.sv:27$86 ($ge).
Removed top 1 bits (of 4) from mux cell top.$flatten\u_bcd.$procmux$678 ($mux).
Removed top 30 bits (of 32) from port B of cell top.$flatten\u_bcd.$add$../design/bin2bcd.sv:30$84 ($add).
Removed top 28 bits (of 32) from port Y of cell top.$flatten\u_bcd.$add$../design/bin2bcd.sv:30$84 ($add).
Removed top 29 bits (of 32) from port B of cell top.$flatten\u_bcd.$ge$../design/bin2bcd.sv:30$83 ($ge).
Removed top 30 bits (of 32) from port B of cell top.$flatten\u_bcd.$add$../design/bin2bcd.sv:29$82 ($add).
Removed top 28 bits (of 32) from port Y of cell top.$flatten\u_bcd.$add$../design/bin2bcd.sv:29$82 ($add).
Removed top 29 bits (of 32) from port B of cell top.$flatten\u_bcd.$ge$../design/bin2bcd.sv:29$81 ($ge).
Removed top 30 bits (of 32) from port B of cell top.$flatten\u_bcd.$add$../design/bin2bcd.sv:28$80 ($add).
Removed top 28 bits (of 32) from port Y of cell top.$flatten\u_bcd.$add$../design/bin2bcd.sv:28$80 ($add).
Removed top 29 bits (of 32) from port B of cell top.$flatten\u_bcd.$ge$../design/bin2bcd.sv:28$79 ($ge).
Removed top 3 bits (of 4) from port A of cell top.$flatten\u_bcd.$add$../design/bin2bcd.sv:27$78 ($add).
Removed top 30 bits (of 32) from port B of cell top.$flatten\u_bcd.$add$../design/bin2bcd.sv:27$78 ($add).
Removed top 29 bits (of 32) from port Y of cell top.$flatten\u_bcd.$add$../design/bin2bcd.sv:27$78 ($add).
Removed top 3 bits (of 4) from port A of cell top.$flatten\u_bcd.$ge$../design/bin2bcd.sv:27$77 ($ge).
Removed top 29 bits (of 32) from port B of cell top.$flatten\u_bcd.$ge$../design/bin2bcd.sv:27$77 ($ge).
Removed top 30 bits (of 32) from port B of cell top.$flatten\u_bcd.$add$../design/bin2bcd.sv:30$75 ($add).
Removed top 28 bits (of 32) from port Y of cell top.$flatten\u_bcd.$add$../design/bin2bcd.sv:30$75 ($add).
Removed top 29 bits (of 32) from port B of cell top.$flatten\u_bcd.$ge$../design/bin2bcd.sv:30$74 ($ge).
Removed top 30 bits (of 32) from port B of cell top.$flatten\u_bcd.$add$../design/bin2bcd.sv:29$73 ($add).
Removed top 28 bits (of 32) from port Y of cell top.$flatten\u_bcd.$add$../design/bin2bcd.sv:29$73 ($add).
Removed top 29 bits (of 32) from port B of cell top.$flatten\u_bcd.$ge$../design/bin2bcd.sv:29$72 ($ge).
Removed top 3 bits (of 4) from port A of cell top.$flatten\u_bcd.$add$../design/bin2bcd.sv:28$71 ($add).
Removed top 30 bits (of 32) from port B of cell top.$flatten\u_bcd.$add$../design/bin2bcd.sv:28$71 ($add).
Removed top 29 bits (of 32) from port Y of cell top.$flatten\u_bcd.$add$../design/bin2bcd.sv:28$71 ($add).
Removed top 3 bits (of 4) from port A of cell top.$flatten\u_bcd.$ge$../design/bin2bcd.sv:28$70 ($ge).
Removed top 29 bits (of 32) from port B of cell top.$flatten\u_bcd.$ge$../design/bin2bcd.sv:28$70 ($ge).
Removed top 1 bits (of 4) from mux cell top.$flatten\u_bcd.$procmux$606 ($mux).
Removed top 30 bits (of 32) from port B of cell top.$flatten\u_bcd.$add$../design/bin2bcd.sv:30$66 ($add).
Removed top 28 bits (of 32) from port Y of cell top.$flatten\u_bcd.$add$../design/bin2bcd.sv:30$66 ($add).
Removed top 29 bits (of 32) from port B of cell top.$flatten\u_bcd.$ge$../design/bin2bcd.sv:30$65 ($ge).
Removed top 3 bits (of 4) from port A of cell top.$flatten\u_bcd.$add$../design/bin2bcd.sv:29$64 ($add).
Removed top 30 bits (of 32) from port B of cell top.$flatten\u_bcd.$add$../design/bin2bcd.sv:29$64 ($add).
Removed top 29 bits (of 32) from port Y of cell top.$flatten\u_bcd.$add$../design/bin2bcd.sv:29$64 ($add).
Removed top 3 bits (of 4) from port A of cell top.$flatten\u_bcd.$ge$../design/bin2bcd.sv:29$63 ($ge).
Removed top 29 bits (of 32) from port B of cell top.$flatten\u_bcd.$ge$../design/bin2bcd.sv:29$63 ($ge).
Removed top 1 bits (of 4) from mux cell top.$flatten\u_bcd.$procmux$618 ($mux).
Removed top 1 bits (of 4) from mux cell top.$flatten\u_bcd.$procmux$630 ($mux).
Removed top 1 bits (of 4) from mux cell top.$flatten\u_bcd.$procmux$687 ($mux).
Removed top 3 bits (of 4) from port A of cell top.$flatten\u_bcd.$add$../design/bin2bcd.sv:30$57 ($add).
Removed top 30 bits (of 32) from port B of cell top.$flatten\u_bcd.$add$../design/bin2bcd.sv:30$57 ($add).
Removed top 29 bits (of 32) from port Y of cell top.$flatten\u_bcd.$add$../design/bin2bcd.sv:30$57 ($add).
Removed top 3 bits (of 4) from port A of cell top.$flatten\u_bcd.$ge$../design/bin2bcd.sv:30$56 ($ge).
Removed top 29 bits (of 32) from port B of cell top.$flatten\u_bcd.$ge$../design/bin2bcd.sv:30$56 ($ge).
Removed top 1 bits (of 4) from mux cell top.$flatten\u_bcd.$procmux$642 ($mux).
Removed top 1 bits (of 4) from mux cell top.$flatten\u_bcd.$procmux$654 ($mux).
Removed top 1 bits (of 4) from mux cell top.$flatten\u_bcd.$procmux$705 ($mux).
Removed top 1 bits (of 4) from mux cell top.$flatten\u_bcd.$procmux$696 ($mux).
Removed top 1 bits (of 2) from port B of cell top.$flatten\u_mux.$procmux$573_CMP0 ($eq).
Removed top 31 bits (of 32) from port B of cell top.$flatten\u_mux.$add$../design/display_multiplexer.sv:16$152 ($add).
Removed top 16 bits (of 32) from port Y of cell top.$flatten\u_mux.$add$../design/display_multiplexer.sv:16$152 ($add).
Removed top 1 bits (of 4) from port Y of cell top.$flatten\u_bcd.$add$../design/bin2bcd.sv:27$132 ($add).
Removed top 1 bits (of 4) from port A of cell top.$flatten\u_bcd.$add$../design/bin2bcd.sv:27$132 ($add).
Removed top 1 bits (of 4) from port Y of cell top.$flatten\u_bcd.$add$../design/bin2bcd.sv:27$123 ($add).
Removed top 1 bits (of 4) from port A of cell top.$flatten\u_bcd.$add$../design/bin2bcd.sv:27$123 ($add).
Removed top 1 bits (of 4) from port Y of cell top.$flatten\u_bcd.$add$../design/bin2bcd.sv:27$114 ($add).
Removed top 1 bits (of 4) from port A of cell top.$flatten\u_bcd.$add$../design/bin2bcd.sv:27$114 ($add).
Removed top 1 bits (of 4) from port Y of cell top.$flatten\u_bcd.$add$../design/bin2bcd.sv:27$105 ($add).
Removed top 1 bits (of 4) from port A of cell top.$flatten\u_bcd.$add$../design/bin2bcd.sv:27$105 ($add).
Removed top 1 bits (of 4) from port Y of cell top.$flatten\u_bcd.$add$../design/bin2bcd.sv:27$96 ($add).
Removed top 1 bits (of 4) from port A of cell top.$flatten\u_bcd.$add$../design/bin2bcd.sv:27$96 ($add).
Removed top 21 bits (of 32) from wire top.$flatten\u_b4.$add$../design/B4_sumar_numero.sv:26$30_Y.
Removed top 21 bits (of 32) from wire top.$flatten\u_b4.$mul$../design/B4_sumar_numero.sv:26$28_Y.
Removed top 1 bits (of 4) from wire top.$flatten\u_bcd.$10\b3[3:0].
Removed top 1 bits (of 4) from wire top.$flatten\u_bcd.$11\b3[3:0].
Removed top 1 bits (of 4) from wire top.$flatten\u_bcd.$12\b3[3:0].
Removed top 1 bits (of 4) from wire top.$flatten\u_bcd.$2\b0[3:0].
Removed top 1 bits (of 4) from wire top.$flatten\u_bcd.$3\b1[3:0].
Removed top 1 bits (of 4) from wire top.$flatten\u_bcd.$4\b2[3:0].
Removed top 1 bits (of 4) from wire top.$flatten\u_bcd.$5\b3[3:0].
Removed top 1 bits (of 4) from wire top.$flatten\u_bcd.$6\b3[3:0].
Removed top 1 bits (of 4) from wire top.$flatten\u_bcd.$7\b3[3:0].
Removed top 1 bits (of 4) from wire top.$flatten\u_bcd.$8\b3[3:0].
Removed top 1 bits (of 4) from wire top.$flatten\u_bcd.$9\b3[3:0].
Removed top 29 bits (of 32) from wire top.$flatten\u_bcd.$add$../design/bin2bcd.sv:27$105_Y.
Removed top 29 bits (of 32) from wire top.$flatten\u_bcd.$add$../design/bin2bcd.sv:27$114_Y.
Removed top 29 bits (of 32) from wire top.$flatten\u_bcd.$add$../design/bin2bcd.sv:27$78_Y.
Removed top 29 bits (of 32) from wire top.$flatten\u_bcd.$add$../design/bin2bcd.sv:27$96_Y.
Removed top 29 bits (of 32) from wire top.$flatten\u_bcd.$add$../design/bin2bcd.sv:28$71_Y.
Removed top 29 bits (of 32) from wire top.$flatten\u_bcd.$add$../design/bin2bcd.sv:29$64_Y.
Removed top 29 bits (of 32) from wire top.$flatten\u_bcd.$add$../design/bin2bcd.sv:30$57_Y.
Removed top 16 bits (of 32) from wire top.$flatten\u_mux.$add$../design/display_multiplexer.sv:16$152_Y.

11.7.9. Executing PEEPOPT pass (run peephole optimizers).

11.7.10. Executing OPT_CLEAN pass (remove unused cells and wires).
Finding unused cells or wires in module \top..
Removed 0 unused cells and 24 unused wires.
<suppressed ~1 debug messages>

11.7.11. Executing ALUMACC pass (create $alu and $macc cells).
Extracting $alu and $macc cells in module top:
  creating $macc model for $flatten\u_b4.$add$../design/B4_sumar_numero.sv:26$30 ($add).
  creating $macc model for $flatten\u_b4.$add$../design/B4_sumar_numero.sv:26$31 ($add).
  creating $macc model for $flatten\u_b4.$add$../design/B4_sumar_numero.sv:27$34 ($add).
  creating $macc model for $flatten\u_b4.$add$../design/B4_sumar_numero.sv:27$35 ($add).
  creating $macc model for $flatten\u_b4.$add$../design/B4_sumar_numero.sv:41$38 ($add).
  creating $macc model for $flatten\u_b4.$mul$../design/B4_sumar_numero.sv:26$28 ($mul).
  creating $macc model for $flatten\u_b4.$mul$../design/B4_sumar_numero.sv:26$29 ($mul).
  creating $macc model for $flatten\u_b4.$mul$../design/B4_sumar_numero.sv:27$32 ($mul).
  creating $macc model for $flatten\u_b4.$mul$../design/B4_sumar_numero.sv:27$33 ($mul).
  creating $macc model for $flatten\u_bcd.$add$../design/bin2bcd.sv:27$105 ($add).
  creating $macc model for $flatten\u_bcd.$add$../design/bin2bcd.sv:27$114 ($add).
  creating $macc model for $flatten\u_bcd.$add$../design/bin2bcd.sv:27$123 ($add).
  creating $macc model for $flatten\u_bcd.$add$../design/bin2bcd.sv:27$132 ($add).
  creating $macc model for $flatten\u_bcd.$add$../design/bin2bcd.sv:27$141 ($add).
  creating $macc model for $flatten\u_bcd.$add$../design/bin2bcd.sv:27$78 ($add).
  creating $macc model for $flatten\u_bcd.$add$../design/bin2bcd.sv:27$87 ($add).
  creating $macc model for $flatten\u_bcd.$add$../design/bin2bcd.sv:27$96 ($add).
  creating $macc model for $flatten\u_bcd.$add$../design/bin2bcd.sv:28$107 ($add).
  creating $macc model for $flatten\u_bcd.$add$../design/bin2bcd.sv:28$116 ($add).
  creating $macc model for $flatten\u_bcd.$add$../design/bin2bcd.sv:28$125 ($add).
  creating $macc model for $flatten\u_bcd.$add$../design/bin2bcd.sv:28$134 ($add).
  creating $macc model for $flatten\u_bcd.$add$../design/bin2bcd.sv:28$143 ($add).
  creating $macc model for $flatten\u_bcd.$add$../design/bin2bcd.sv:28$71 ($add).
  creating $macc model for $flatten\u_bcd.$add$../design/bin2bcd.sv:28$80 ($add).
  creating $macc model for $flatten\u_bcd.$add$../design/bin2bcd.sv:28$89 ($add).
  creating $macc model for $flatten\u_bcd.$add$../design/bin2bcd.sv:28$98 ($add).
  creating $macc model for $flatten\u_bcd.$add$../design/bin2bcd.sv:29$100 ($add).
  creating $macc model for $flatten\u_bcd.$add$../design/bin2bcd.sv:29$109 ($add).
  creating $macc model for $flatten\u_bcd.$add$../design/bin2bcd.sv:29$118 ($add).
  creating $macc model for $flatten\u_bcd.$add$../design/bin2bcd.sv:29$127 ($add).
  creating $macc model for $flatten\u_bcd.$add$../design/bin2bcd.sv:29$136 ($add).
  creating $macc model for $flatten\u_bcd.$add$../design/bin2bcd.sv:29$145 ($add).
  creating $macc model for $flatten\u_bcd.$add$../design/bin2bcd.sv:29$64 ($add).
  creating $macc model for $flatten\u_bcd.$add$../design/bin2bcd.sv:29$73 ($add).
  creating $macc model for $flatten\u_bcd.$add$../design/bin2bcd.sv:29$82 ($add).
  creating $macc model for $flatten\u_bcd.$add$../design/bin2bcd.sv:29$91 ($add).
  creating $macc model for $flatten\u_bcd.$add$../design/bin2bcd.sv:30$102 ($add).
  creating $macc model for $flatten\u_bcd.$add$../design/bin2bcd.sv:30$111 ($add).
  creating $macc model for $flatten\u_bcd.$add$../design/bin2bcd.sv:30$120 ($add).
  creating $macc model for $flatten\u_bcd.$add$../design/bin2bcd.sv:30$129 ($add).
  creating $macc model for $flatten\u_bcd.$add$../design/bin2bcd.sv:30$138 ($add).
  creating $macc model for $flatten\u_bcd.$add$../design/bin2bcd.sv:30$147 ($add).
  creating $macc model for $flatten\u_bcd.$add$../design/bin2bcd.sv:30$57 ($add).
  creating $macc model for $flatten\u_bcd.$add$../design/bin2bcd.sv:30$66 ($add).
  creating $macc model for $flatten\u_bcd.$add$../design/bin2bcd.sv:30$75 ($add).
  creating $macc model for $flatten\u_bcd.$add$../design/bin2bcd.sv:30$84 ($add).
  creating $macc model for $flatten\u_bcd.$add$../design/bin2bcd.sv:30$93 ($add).
  creating $macc model for $flatten\u_kbd.$add$../design/B1_lector_teclado.sv:18$2 ($add).
  creating $macc model for $flatten\u_kbd.$add$../design/B1_lector_teclado.sv:26$5 ($add).
  creating $macc model for $flatten\u_mux.$add$../design/display_multiplexer.sv:16$152 ($add).
  merging $macc model for $flatten\u_b4.$add$../design/B4_sumar_numero.sv:27$34 into $flatten\u_b4.$add$../design/B4_sumar_numero.sv:27$35.
  merging $macc model for $flatten\u_b4.$add$../design/B4_sumar_numero.sv:26$30 into $flatten\u_b4.$add$../design/B4_sumar_numero.sv:26$31.
  creating $alu model for $macc $flatten\u_kbd.$add$../design/B1_lector_teclado.sv:18$2.
  creating $alu model for $macc $flatten\u_bcd.$add$../design/bin2bcd.sv:30$93.
  creating $alu model for $macc $flatten\u_bcd.$add$../design/bin2bcd.sv:30$84.
  creating $alu model for $macc $flatten\u_bcd.$add$../design/bin2bcd.sv:30$75.
  creating $alu model for $macc $flatten\u_bcd.$add$../design/bin2bcd.sv:30$66.
  creating $alu model for $macc $flatten\u_bcd.$add$../design/bin2bcd.sv:30$57.
  creating $alu model for $macc $flatten\u_bcd.$add$../design/bin2bcd.sv:30$147.
  creating $alu model for $macc $flatten\u_bcd.$add$../design/bin2bcd.sv:30$138.
  creating $alu model for $macc $flatten\u_bcd.$add$../design/bin2bcd.sv:30$129.
  creating $alu model for $macc $flatten\u_bcd.$add$../design/bin2bcd.sv:30$120.
  creating $alu model for $macc $flatten\u_bcd.$add$../design/bin2bcd.sv:30$111.
  creating $alu model for $macc $flatten\u_bcd.$add$../design/bin2bcd.sv:30$102.
  creating $alu model for $macc $flatten\u_bcd.$add$../design/bin2bcd.sv:29$91.
  creating $alu model for $macc $flatten\u_bcd.$add$../design/bin2bcd.sv:29$82.
  creating $alu model for $macc $flatten\u_bcd.$add$../design/bin2bcd.sv:29$73.
  creating $alu model for $macc $flatten\u_bcd.$add$../design/bin2bcd.sv:29$64.
  creating $alu model for $macc $flatten\u_bcd.$add$../design/bin2bcd.sv:29$145.
  creating $alu model for $macc $flatten\u_bcd.$add$../design/bin2bcd.sv:29$136.
  creating $alu model for $macc $flatten\u_bcd.$add$../design/bin2bcd.sv:29$127.
  creating $alu model for $macc $flatten\u_bcd.$add$../design/bin2bcd.sv:29$118.
  creating $alu model for $macc $flatten\u_bcd.$add$../design/bin2bcd.sv:29$109.
  creating $alu model for $macc $flatten\u_bcd.$add$../design/bin2bcd.sv:29$100.
  creating $alu model for $macc $flatten\u_bcd.$add$../design/bin2bcd.sv:28$98.
  creating $alu model for $macc $flatten\u_bcd.$add$../design/bin2bcd.sv:28$89.
  creating $alu model for $macc $flatten\u_bcd.$add$../design/bin2bcd.sv:28$80.
  creating $alu model for $macc $flatten\u_bcd.$add$../design/bin2bcd.sv:28$71.
  creating $alu model for $macc $flatten\u_bcd.$add$../design/bin2bcd.sv:28$143.
  creating $alu model for $macc $flatten\u_bcd.$add$../design/bin2bcd.sv:28$134.
  creating $alu model for $macc $flatten\u_bcd.$add$../design/bin2bcd.sv:28$125.
  creating $alu model for $macc $flatten\u_bcd.$add$../design/bin2bcd.sv:28$116.
  creating $alu model for $macc $flatten\u_bcd.$add$../design/bin2bcd.sv:28$107.
  creating $alu model for $macc $flatten\u_bcd.$add$../design/bin2bcd.sv:27$96.
  creating $alu model for $macc $flatten\u_bcd.$add$../design/bin2bcd.sv:27$87.
  creating $alu model for $macc $flatten\u_bcd.$add$../design/bin2bcd.sv:27$78.
  creating $alu model for $macc $flatten\u_bcd.$add$../design/bin2bcd.sv:27$141.
  creating $alu model for $macc $flatten\u_bcd.$add$../design/bin2bcd.sv:27$132.
  creating $alu model for $macc $flatten\u_bcd.$add$../design/bin2bcd.sv:27$123.
  creating $alu model for $macc $flatten\u_bcd.$add$../design/bin2bcd.sv:27$114.
  creating $alu model for $macc $flatten\u_bcd.$add$../design/bin2bcd.sv:27$105.
  creating $alu model for $macc $flatten\u_b4.$add$../design/B4_sumar_numero.sv:41$38.
  creating $alu model for $macc $flatten\u_kbd.$add$../design/B1_lector_teclado.sv:26$5.
  creating $alu model for $macc $flatten\u_mux.$add$../design/display_multiplexer.sv:16$152.
  creating $macc cell for $flatten\u_b4.$mul$../design/B4_sumar_numero.sv:26$28: $auto$alumacc.cc:365:replace_macc$1240
  creating $macc cell for $flatten\u_b4.$mul$../design/B4_sumar_numero.sv:27$33: $auto$alumacc.cc:365:replace_macc$1241
  creating $macc cell for $flatten\u_b4.$add$../design/B4_sumar_numero.sv:27$35: $auto$alumacc.cc:365:replace_macc$1242
  creating $macc cell for $flatten\u_b4.$mul$../design/B4_sumar_numero.sv:27$32: $auto$alumacc.cc:365:replace_macc$1243
  creating $macc cell for $flatten\u_b4.$add$../design/B4_sumar_numero.sv:26$31: $auto$alumacc.cc:365:replace_macc$1244
  creating $macc cell for $flatten\u_b4.$mul$../design/B4_sumar_numero.sv:26$29: $auto$alumacc.cc:365:replace_macc$1245
  creating $alu model for $flatten\u_b3.$le$../design/B3_almacenar_numeros.sv:44$24 ($le): new $alu
  creating $alu model for $flatten\u_bcd.$ge$../design/bin2bcd.sv:27$104 ($ge): new $alu
  creating $alu model for $flatten\u_bcd.$ge$../design/bin2bcd.sv:27$113 ($ge): new $alu
  creating $alu model for $flatten\u_bcd.$ge$../design/bin2bcd.sv:27$122 ($ge): new $alu
  creating $alu model for $flatten\u_bcd.$ge$../design/bin2bcd.sv:27$131 ($ge): new $alu
  creating $alu model for $flatten\u_bcd.$ge$../design/bin2bcd.sv:27$140 ($ge): new $alu
  creating $alu model for $flatten\u_bcd.$ge$../design/bin2bcd.sv:27$77 ($ge): new $alu
  creating $alu model for $flatten\u_bcd.$ge$../design/bin2bcd.sv:27$86 ($ge): new $alu
  creating $alu model for $flatten\u_bcd.$ge$../design/bin2bcd.sv:27$95 ($ge): new $alu
  creating $alu model for $flatten\u_bcd.$ge$../design/bin2bcd.sv:28$106 ($ge): new $alu
  creating $alu model for $flatten\u_bcd.$ge$../design/bin2bcd.sv:28$115 ($ge): new $alu
  creating $alu model for $flatten\u_bcd.$ge$../design/bin2bcd.sv:28$124 ($ge): new $alu
  creating $alu model for $flatten\u_bcd.$ge$../design/bin2bcd.sv:28$133 ($ge): new $alu
  creating $alu model for $flatten\u_bcd.$ge$../design/bin2bcd.sv:28$142 ($ge): new $alu
  creating $alu model for $flatten\u_bcd.$ge$../design/bin2bcd.sv:28$70 ($ge): merged with $flatten\u_bcd.$ge$../design/bin2bcd.sv:27$77.
  creating $alu model for $flatten\u_bcd.$ge$../design/bin2bcd.sv:28$79 ($ge): new $alu
  creating $alu model for $flatten\u_bcd.$ge$../design/bin2bcd.sv:28$88 ($ge): new $alu
  creating $alu model for $flatten\u_bcd.$ge$../design/bin2bcd.sv:28$97 ($ge): new $alu
  creating $alu model for $flatten\u_bcd.$ge$../design/bin2bcd.sv:29$108 ($ge): new $alu
  creating $alu model for $flatten\u_bcd.$ge$../design/bin2bcd.sv:29$117 ($ge): new $alu
  creating $alu model for $flatten\u_bcd.$ge$../design/bin2bcd.sv:29$126 ($ge): new $alu
  creating $alu model for $flatten\u_bcd.$ge$../design/bin2bcd.sv:29$135 ($ge): new $alu
  creating $alu model for $flatten\u_bcd.$ge$../design/bin2bcd.sv:29$144 ($ge): new $alu
  creating $alu model for $flatten\u_bcd.$ge$../design/bin2bcd.sv:29$63 ($ge): merged with $flatten\u_bcd.$ge$../design/bin2bcd.sv:27$77.
  creating $alu model for $flatten\u_bcd.$ge$../design/bin2bcd.sv:29$72 ($ge): new $alu
  creating $alu model for $flatten\u_bcd.$ge$../design/bin2bcd.sv:29$81 ($ge): new $alu
  creating $alu model for $flatten\u_bcd.$ge$../design/bin2bcd.sv:29$90 ($ge): new $alu
  creating $alu model for $flatten\u_bcd.$ge$../design/bin2bcd.sv:29$99 ($ge): new $alu
  creating $alu model for $flatten\u_bcd.$ge$../design/bin2bcd.sv:30$101 ($ge): new $alu
  creating $alu model for $flatten\u_bcd.$ge$../design/bin2bcd.sv:30$110 ($ge): new $alu
  creating $alu model for $flatten\u_bcd.$ge$../design/bin2bcd.sv:30$119 ($ge): new $alu
  creating $alu model for $flatten\u_bcd.$ge$../design/bin2bcd.sv:30$128 ($ge): new $alu
  creating $alu model for $flatten\u_bcd.$ge$../design/bin2bcd.sv:30$137 ($ge): new $alu
  creating $alu model for $flatten\u_bcd.$ge$../design/bin2bcd.sv:30$146 ($ge): new $alu
  creating $alu model for $flatten\u_bcd.$ge$../design/bin2bcd.sv:30$56 ($ge): new $alu
  creating $alu model for $flatten\u_bcd.$ge$../design/bin2bcd.sv:30$65 ($ge): new $alu
  creating $alu model for $flatten\u_bcd.$ge$../design/bin2bcd.sv:30$74 ($ge): new $alu
  creating $alu model for $flatten\u_bcd.$ge$../design/bin2bcd.sv:30$83 ($ge): new $alu
  creating $alu model for $flatten\u_bcd.$ge$../design/bin2bcd.sv:30$92 ($ge): new $alu
  creating $alu model for $flatten\u_fsm.$lt$../design/FSM_calculadora.sv:100$164 ($lt): new $alu
  creating $alu model for $flatten\u_kbd.$ge$../design/B1_lector_teclado.sv:20$3 ($ge): new $alu
  creating $alu model for $flatten\u_fsm.$eq$../design/FSM_calculadora.sv:69$160 ($eq): merged with $flatten\u_fsm.$lt$../design/FSM_calculadora.sv:100$164.
  creating $alu cell for $flatten\u_kbd.$ge$../design/B1_lector_teclado.sv:20$3: $auto$alumacc.cc:485:replace_alu$1285
  creating $alu cell for $flatten\u_fsm.$lt$../design/FSM_calculadora.sv:100$164, $flatten\u_fsm.$eq$../design/FSM_calculadora.sv:69$160: $auto$alumacc.cc:485:replace_alu$1294
  creating $alu cell for $flatten\u_bcd.$ge$../design/bin2bcd.sv:30$92: $auto$alumacc.cc:485:replace_alu$1301
  creating $alu cell for $flatten\u_bcd.$ge$../design/bin2bcd.sv:30$83: $auto$alumacc.cc:485:replace_alu$1310
  creating $alu cell for $flatten\u_bcd.$ge$../design/bin2bcd.sv:30$74: $auto$alumacc.cc:485:replace_alu$1319
  creating $alu cell for $flatten\u_bcd.$ge$../design/bin2bcd.sv:30$65: $auto$alumacc.cc:485:replace_alu$1328
  creating $alu cell for $flatten\u_bcd.$ge$../design/bin2bcd.sv:30$56: $auto$alumacc.cc:485:replace_alu$1337
  creating $alu cell for $flatten\u_bcd.$ge$../design/bin2bcd.sv:30$146: $auto$alumacc.cc:485:replace_alu$1350
  creating $alu cell for $flatten\u_bcd.$ge$../design/bin2bcd.sv:30$137: $auto$alumacc.cc:485:replace_alu$1359
  creating $alu cell for $flatten\u_bcd.$ge$../design/bin2bcd.sv:30$128: $auto$alumacc.cc:485:replace_alu$1368
  creating $alu cell for $flatten\u_bcd.$ge$../design/bin2bcd.sv:30$119: $auto$alumacc.cc:485:replace_alu$1377
  creating $alu cell for $flatten\u_bcd.$ge$../design/bin2bcd.sv:30$110: $auto$alumacc.cc:485:replace_alu$1386
  creating $alu cell for $flatten\u_bcd.$ge$../design/bin2bcd.sv:30$101: $auto$alumacc.cc:485:replace_alu$1395
  creating $alu cell for $flatten\u_bcd.$ge$../design/bin2bcd.sv:29$99: $auto$alumacc.cc:485:replace_alu$1404
  creating $alu cell for $flatten\u_bcd.$ge$../design/bin2bcd.sv:29$90: $auto$alumacc.cc:485:replace_alu$1413
  creating $alu cell for $flatten\u_bcd.$ge$../design/bin2bcd.sv:29$81: $auto$alumacc.cc:485:replace_alu$1422
  creating $alu cell for $flatten\u_bcd.$ge$../design/bin2bcd.sv:29$72: $auto$alumacc.cc:485:replace_alu$1431
  creating $alu cell for $flatten\u_bcd.$ge$../design/bin2bcd.sv:29$144: $auto$alumacc.cc:485:replace_alu$1440
  creating $alu cell for $flatten\u_bcd.$ge$../design/bin2bcd.sv:29$135: $auto$alumacc.cc:485:replace_alu$1449
  creating $alu cell for $flatten\u_bcd.$ge$../design/bin2bcd.sv:29$126: $auto$alumacc.cc:485:replace_alu$1458
  creating $alu cell for $flatten\u_bcd.$ge$../design/bin2bcd.sv:29$117: $auto$alumacc.cc:485:replace_alu$1467
  creating $alu cell for $flatten\u_bcd.$ge$../design/bin2bcd.sv:29$108: $auto$alumacc.cc:485:replace_alu$1476
  creating $alu cell for $flatten\u_bcd.$ge$../design/bin2bcd.sv:28$97: $auto$alumacc.cc:485:replace_alu$1485
  creating $alu cell for $flatten\u_bcd.$ge$../design/bin2bcd.sv:28$88: $auto$alumacc.cc:485:replace_alu$1494
  creating $alu cell for $flatten\u_bcd.$ge$../design/bin2bcd.sv:28$79: $auto$alumacc.cc:485:replace_alu$1503
  creating $alu cell for $flatten\u_bcd.$ge$../design/bin2bcd.sv:28$142: $auto$alumacc.cc:485:replace_alu$1512
  creating $alu cell for $flatten\u_bcd.$ge$../design/bin2bcd.sv:28$133: $auto$alumacc.cc:485:replace_alu$1521
  creating $alu cell for $flatten\u_bcd.$ge$../design/bin2bcd.sv:28$124: $auto$alumacc.cc:485:replace_alu$1530
  creating $alu cell for $flatten\u_bcd.$ge$../design/bin2bcd.sv:28$115: $auto$alumacc.cc:485:replace_alu$1539
  creating $alu cell for $flatten\u_bcd.$ge$../design/bin2bcd.sv:28$106: $auto$alumacc.cc:485:replace_alu$1548
  creating $alu cell for $flatten\u_bcd.$ge$../design/bin2bcd.sv:27$95: $auto$alumacc.cc:485:replace_alu$1557
  creating $alu cell for $flatten\u_bcd.$ge$../design/bin2bcd.sv:27$86: $auto$alumacc.cc:485:replace_alu$1566
  creating $alu cell for $flatten\u_bcd.$ge$../design/bin2bcd.sv:27$77, $flatten\u_bcd.$ge$../design/bin2bcd.sv:28$70, $flatten\u_bcd.$ge$../design/bin2bcd.sv:29$63: $auto$alumacc.cc:485:replace_alu$1575
  creating $alu cell for $flatten\u_bcd.$ge$../design/bin2bcd.sv:27$140: $auto$alumacc.cc:485:replace_alu$1592
  creating $alu cell for $flatten\u_bcd.$ge$../design/bin2bcd.sv:27$131: $auto$alumacc.cc:485:replace_alu$1601
  creating $alu cell for $flatten\u_bcd.$ge$../design/bin2bcd.sv:27$122: $auto$alumacc.cc:485:replace_alu$1610
  creating $alu cell for $flatten\u_bcd.$ge$../design/bin2bcd.sv:27$113: $auto$alumacc.cc:485:replace_alu$1619
  creating $alu cell for $flatten\u_bcd.$ge$../design/bin2bcd.sv:27$104: $auto$alumacc.cc:485:replace_alu$1628
  creating $alu cell for $flatten\u_b3.$le$../design/B3_almacenar_numeros.sv:44$24: $auto$alumacc.cc:485:replace_alu$1637
  creating $alu cell for $flatten\u_mux.$add$../design/display_multiplexer.sv:16$152: $auto$alumacc.cc:485:replace_alu$1646
  creating $alu cell for $flatten\u_kbd.$add$../design/B1_lector_teclado.sv:26$5: $auto$alumacc.cc:485:replace_alu$1649
  creating $alu cell for $flatten\u_b4.$add$../design/B4_sumar_numero.sv:41$38: $auto$alumacc.cc:485:replace_alu$1652
  creating $alu cell for $flatten\u_bcd.$add$../design/bin2bcd.sv:27$105: $auto$alumacc.cc:485:replace_alu$1655
  creating $alu cell for $flatten\u_bcd.$add$../design/bin2bcd.sv:27$114: $auto$alumacc.cc:485:replace_alu$1658
  creating $alu cell for $flatten\u_bcd.$add$../design/bin2bcd.sv:27$123: $auto$alumacc.cc:485:replace_alu$1661
  creating $alu cell for $flatten\u_bcd.$add$../design/bin2bcd.sv:27$132: $auto$alumacc.cc:485:replace_alu$1664
  creating $alu cell for $flatten\u_bcd.$add$../design/bin2bcd.sv:27$141: $auto$alumacc.cc:485:replace_alu$1667
  creating $alu cell for $flatten\u_bcd.$add$../design/bin2bcd.sv:27$87: $auto$alumacc.cc:485:replace_alu$1670
  creating $alu cell for $flatten\u_bcd.$add$../design/bin2bcd.sv:27$96: $auto$alumacc.cc:485:replace_alu$1673
  creating $alu cell for $flatten\u_bcd.$add$../design/bin2bcd.sv:28$107: $auto$alumacc.cc:485:replace_alu$1676
  creating $alu cell for $flatten\u_bcd.$add$../design/bin2bcd.sv:28$116: $auto$alumacc.cc:485:replace_alu$1679
  creating $alu cell for $flatten\u_bcd.$add$../design/bin2bcd.sv:28$125: $auto$alumacc.cc:485:replace_alu$1682
  creating $alu cell for $flatten\u_bcd.$add$../design/bin2bcd.sv:28$134: $auto$alumacc.cc:485:replace_alu$1685
  creating $alu cell for $flatten\u_bcd.$add$../design/bin2bcd.sv:28$143: $auto$alumacc.cc:485:replace_alu$1688
  creating $alu cell for $flatten\u_bcd.$add$../design/bin2bcd.sv:28$80: $auto$alumacc.cc:485:replace_alu$1691
  creating $alu cell for $flatten\u_bcd.$add$../design/bin2bcd.sv:28$89: $auto$alumacc.cc:485:replace_alu$1694
  creating $alu cell for $flatten\u_bcd.$add$../design/bin2bcd.sv:28$98: $auto$alumacc.cc:485:replace_alu$1697
  creating $alu cell for $flatten\u_bcd.$add$../design/bin2bcd.sv:29$100: $auto$alumacc.cc:485:replace_alu$1700
  creating $alu cell for $flatten\u_bcd.$add$../design/bin2bcd.sv:29$109: $auto$alumacc.cc:485:replace_alu$1703
  creating $alu cell for $flatten\u_bcd.$add$../design/bin2bcd.sv:29$118: $auto$alumacc.cc:485:replace_alu$1706
  creating $alu cell for $flatten\u_bcd.$add$../design/bin2bcd.sv:29$127: $auto$alumacc.cc:485:replace_alu$1709
  creating $alu cell for $flatten\u_bcd.$add$../design/bin2bcd.sv:29$136: $auto$alumacc.cc:485:replace_alu$1712
  creating $alu cell for $flatten\u_bcd.$add$../design/bin2bcd.sv:29$145: $auto$alumacc.cc:485:replace_alu$1715
  creating $alu cell for $flatten\u_bcd.$add$../design/bin2bcd.sv:27$78: $auto$alumacc.cc:485:replace_alu$1718
  creating $alu cell for $flatten\u_bcd.$add$../design/bin2bcd.sv:28$71: $auto$alumacc.cc:485:replace_alu$1721
  creating $alu cell for $flatten\u_bcd.$add$../design/bin2bcd.sv:29$64: $auto$alumacc.cc:485:replace_alu$1724
  creating $alu cell for $flatten\u_bcd.$add$../design/bin2bcd.sv:29$73: $auto$alumacc.cc:485:replace_alu$1727
  creating $alu cell for $flatten\u_bcd.$add$../design/bin2bcd.sv:29$82: $auto$alumacc.cc:485:replace_alu$1730
  creating $alu cell for $flatten\u_bcd.$add$../design/bin2bcd.sv:29$91: $auto$alumacc.cc:485:replace_alu$1733
  creating $alu cell for $flatten\u_bcd.$add$../design/bin2bcd.sv:30$102: $auto$alumacc.cc:485:replace_alu$1736
  creating $alu cell for $flatten\u_bcd.$add$../design/bin2bcd.sv:30$111: $auto$alumacc.cc:485:replace_alu$1739
  creating $alu cell for $flatten\u_bcd.$add$../design/bin2bcd.sv:30$120: $auto$alumacc.cc:485:replace_alu$1742
  creating $alu cell for $flatten\u_bcd.$add$../design/bin2bcd.sv:30$129: $auto$alumacc.cc:485:replace_alu$1745
  creating $alu cell for $flatten\u_bcd.$add$../design/bin2bcd.sv:30$138: $auto$alumacc.cc:485:replace_alu$1748
  creating $alu cell for $flatten\u_bcd.$add$../design/bin2bcd.sv:30$147: $auto$alumacc.cc:485:replace_alu$1751
  creating $alu cell for $flatten\u_bcd.$add$../design/bin2bcd.sv:30$57: $auto$alumacc.cc:485:replace_alu$1754
  creating $alu cell for $flatten\u_bcd.$add$../design/bin2bcd.sv:30$66: $auto$alumacc.cc:485:replace_alu$1757
  creating $alu cell for $flatten\u_bcd.$add$../design/bin2bcd.sv:30$75: $auto$alumacc.cc:485:replace_alu$1760
  creating $alu cell for $flatten\u_bcd.$add$../design/bin2bcd.sv:30$84: $auto$alumacc.cc:485:replace_alu$1763
  creating $alu cell for $flatten\u_bcd.$add$../design/bin2bcd.sv:30$93: $auto$alumacc.cc:485:replace_alu$1766
  creating $alu cell for $flatten\u_kbd.$add$../design/B1_lector_teclado.sv:18$2: $auto$alumacc.cc:485:replace_alu$1769
  created 81 $alu and 6 $macc cells.

11.7.12. Executing SHARE pass (SAT-based resource sharing).

11.7.13. Executing OPT pass (performing simple optimizations).

11.7.13.1. Executing OPT_EXPR pass (perform const folding).
Optimizing module top.
<suppressed ~6 debug messages>

11.7.13.2. Executing OPT_MERGE pass (detect identical cells).
Finding identical cells in module `\top'.
<suppressed ~6 debug messages>
Removed a total of 2 cells.

11.7.13.3. Executing OPT_MUXTREE pass (detect dead branches in mux trees).
Running muxtree optimizer on module \top..
  Creating internal representation of mux trees.
  Evaluating internal representation of mux trees.
  Analyzing evaluation results.
Removed 0 multiplexer ports.
<suppressed ~45 debug messages>

11.7.13.4. Executing OPT_REDUCE pass (consolidate $*mux and $reduce_* inputs).
  Optimizing cells in module \top.
Performed a total of 0 changes.

11.7.13.5. Executing OPT_MERGE pass (detect identical cells).
Finding identical cells in module `\top'.
<suppressed ~6 debug messages>
Removed a total of 2 cells.

11.7.13.6. Executing OPT_DFF pass (perform DFF optimizations).

11.7.13.7. Executing OPT_CLEAN pass (remove unused cells and wires).
Finding unused cells or wires in module \top..
Removed 2 unused cells and 57 unused wires.
<suppressed ~3 debug messages>

11.7.13.8. Executing OPT_EXPR pass (perform const folding).
Optimizing module top.

11.7.13.9. Rerunning OPT passes. (Maybe there is more to do..)

11.7.13.10. Executing OPT_MUXTREE pass (detect dead branches in mux trees).
Running muxtree optimizer on module \top..
  Creating internal representation of mux trees.
  Evaluating internal representation of mux trees.
  Analyzing evaluation results.
Removed 0 multiplexer ports.
<suppressed ~43 debug messages>

11.7.13.11. Executing OPT_REDUCE pass (consolidate $*mux and $reduce_* inputs).
  Optimizing cells in module \top.
Performed a total of 0 changes.

11.7.13.12. Executing OPT_MERGE pass (detect identical cells).
Finding identical cells in module `\top'.
Removed a total of 0 cells.

11.7.13.13. Executing OPT_DFF pass (perform DFF optimizations).

11.7.13.14. Executing OPT_CLEAN pass (remove unused cells and wires).
Finding unused cells or wires in module \top..

11.7.13.15. Executing OPT_EXPR pass (perform const folding).
Optimizing module top.

11.7.13.16. Finished OPT passes. (There is nothing left to do.)

11.7.14. Executing MEMORY pass.

11.7.14.1. Executing OPT_MEM pass (optimize memories).
Performed a total of 0 transformations.

11.7.14.2. Executing OPT_MEM_PRIORITY pass (removing unnecessary memory write priority relations).
Performed a total of 0 transformations.

11.7.14.3. Executing OPT_MEM_FEEDBACK pass (finding memory read-to-write feedback paths).

11.7.14.4. Executing MEMORY_BMUX2ROM pass (converting muxes to ROMs).

11.7.14.5. Executing MEMORY_DFF pass (merging $dff cells to $memrd).
Checking read port `$flatten\u_dec.$auto$proc_rom.cc:150:do_switch$435'[0] in module `\top': no output FF found.
Checking read port address `$flatten\u_dec.$auto$proc_rom.cc:150:do_switch$435'[0] in module `\top': no address FF found.

11.7.14.6. Executing OPT_CLEAN pass (remove unused cells and wires).
Finding unused cells or wires in module \top..

11.7.14.7. Executing MEMORY_SHARE pass (consolidating $memrd/$memwr cells).

11.7.14.8. Executing OPT_MEM_WIDEN pass (optimize memories where all ports are wide).
Performed a total of 0 transformations.

11.7.14.9. Executing OPT_CLEAN pass (remove unused cells and wires).
Finding unused cells or wires in module \top..

11.7.14.10. Executing MEMORY_COLLECT pass (generating $mem cells).

11.7.15. Executing OPT_CLEAN pass (remove unused cells and wires).
Finding unused cells or wires in module \top..

11.8. Executing MEMORY_LIBMAP pass (mapping memories to cells).
using FF mapping for memory top.$flatten\u_dec.$auto$proc_rom.cc:150:do_switch$435
<suppressed ~6 debug messages>

11.9. Executing TECHMAP pass (map to technology primitives).

11.9.1. Executing Verilog-2005 frontend: c:\Users\david\OneDrive\ESCRIT~1\Nacho\TEC\virus\OSS-CA~1\bin\../share/yosys/gowin/lutrams_map.v
Parsing Verilog input from `c:\Users\david\OneDrive\ESCRIT~1\Nacho\TEC\virus\OSS-CA~1\bin\../share/yosys/gowin/lutrams_map.v' to AST representation.
Generating RTLIL representation for module `\$__GOWIN_LUTRAM_'.
Successfully finished Verilog frontend.

11.9.2. Executing Verilog-2005 frontend: c:\Users\david\OneDrive\ESCRIT~1\Nacho\TEC\virus\OSS-CA~1\bin\../share/yosys/gowin/brams_map.v
Parsing Verilog input from `c:\Users\david\OneDrive\ESCRIT~1\Nacho\TEC\virus\OSS-CA~1\bin\../share/yosys/gowin/brams_map.v' to AST representation.
Generating RTLIL representation for module `\$__GOWIN_SP_'.
Generating RTLIL representation for module `\$__GOWIN_DP_'.
Generating RTLIL representation for module `\$__GOWIN_SDP_'.
Successfully finished Verilog frontend.

11.9.3. Continuing TECHMAP pass.
No more expansions possible.
<suppressed ~6 debug messages>

11.10. Executing OPT pass (performing simple optimizations).

11.10.1. Executing OPT_EXPR pass (perform const folding).
Optimizing module top.
<suppressed ~183 debug messages>

11.10.2. Executing OPT_MERGE pass (detect identical cells).
Finding identical cells in module `\top'.
Removed a total of 0 cells.

11.10.3. Executing OPT_DFF pass (perform DFF optimizations).

11.10.4. Executing OPT_CLEAN pass (remove unused cells and wires).
Finding unused cells or wires in module \top..
Removed 37 unused cells and 146 unused wires.
<suppressed ~38 debug messages>

11.10.5. Finished fast OPT passes.

11.11. Executing MEMORY_MAP pass (converting memories to logic and flip-flops).
Mapping memory $flatten\u_dec.$auto$proc_rom.cc:150:do_switch$435 in module \top:
  created 16 $dff cells and 0 static cells of width 7.
  read interface: 0 $dff and 15 $mux cells.
  write interface: 0 write mux blocks.

11.12. Executing OPT pass (performing simple optimizations).

11.12.1. Executing OPT_EXPR pass (perform const folding).
Optimizing module top.
<suppressed ~4 debug messages>

11.12.2. Executing OPT_MERGE pass (detect identical cells).
Finding identical cells in module `\top'.
Removed a total of 0 cells.

11.12.3. Executing OPT_MUXTREE pass (detect dead branches in mux trees).
Running muxtree optimizer on module \top..
  Creating internal representation of mux trees.
  Evaluating internal representation of mux trees.
  Analyzing evaluation results.
Removed 0 multiplexer ports.
<suppressed ~34 debug messages>

11.12.4. Executing OPT_REDUCE pass (consolidate $*mux and $reduce_* inputs).
  Optimizing cells in module \top.
    Consolidated identical input bits for $mux cell $memory$flatten\u_dec.$auto$proc_rom.cc:150:do_switch$435$rdmux[0][3][2]$2156:
      Old ports: A=7'0110011, B=7'1011011, Y=$memory$flatten\u_dec.$auto$proc_rom.cc:150:do_switch$435$rdmux[0][2][1]$a$2142
      New ports: A=2'10, B=2'01, Y={ $memory$flatten\u_dec.$auto$proc_rom.cc:150:do_switch$435$rdmux[0][2][1]$a$2142 [5] $memory$flatten\u_dec.$auto$proc_rom.cc:150:do_switch$435$rdmux[0][2][1]$a$2142 [3] }
      New connections: { $memory$flatten\u_dec.$auto$proc_rom.cc:150:do_switch$435$rdmux[0][2][1]$a$2142 [6] $memory$flatten\u_dec.$auto$proc_rom.cc:150:do_switch$435$rdmux[0][2][1]$a$2142 [4] $memory$flatten\u_dec.$auto$proc_rom.cc:150:do_switch$435$rdmux[0][2][1]$a$2142 [2:0] } = { $memory$flatten\u_dec.$auto$proc_rom.cc:150:do_switch$435$rdmux[0][2][1]$a$2142 [3] 4'1011 }
    Consolidated identical input bits for $mux cell $memory$flatten\u_dec.$auto$proc_rom.cc:150:do_switch$435$rdmux[0][3][1]$2153:
      Old ports: A=7'1101101, B=7'1111001, Y=$memory$flatten\u_dec.$auto$proc_rom.cc:150:do_switch$435$rdmux[0][2][0]$b$2140
      New ports: A=2'01, B=2'10, Y={ $memory$flatten\u_dec.$auto$proc_rom.cc:150:do_switch$435$rdmux[0][2][0]$b$2140 [4] $memory$flatten\u_dec.$auto$proc_rom.cc:150:do_switch$435$rdmux[0][2][0]$b$2140 [2] }
      New connections: { $memory$flatten\u_dec.$auto$proc_rom.cc:150:do_switch$435$rdmux[0][2][0]$b$2140 [6:5] $memory$flatten\u_dec.$auto$proc_rom.cc:150:do_switch$435$rdmux[0][2][0]$b$2140 [3] $memory$flatten\u_dec.$auto$proc_rom.cc:150:do_switch$435$rdmux[0][2][0]$b$2140 [1:0] } = 5'11101
    Consolidated identical input bits for $mux cell $memory$flatten\u_dec.$auto$proc_rom.cc:150:do_switch$435$rdmux[0][3][0]$2150:
      Old ports: A=7'1111110, B=7'0110000, Y=$memory$flatten\u_dec.$auto$proc_rom.cc:150:do_switch$435$rdmux[0][2][0]$a$2139
      New ports: A=1'1, B=1'0, Y=$memory$flatten\u_dec.$auto$proc_rom.cc:150:do_switch$435$rdmux[0][2][0]$a$2139 [1]
      New connections: { $memory$flatten\u_dec.$auto$proc_rom.cc:150:do_switch$435$rdmux[0][2][0]$a$2139 [6:2] $memory$flatten\u_dec.$auto$proc_rom.cc:150:do_switch$435$rdmux[0][2][0]$a$2139 [0] } = { $memory$flatten\u_dec.$auto$proc_rom.cc:150:do_switch$435$rdmux[0][2][0]$a$2139 [1] 2'11 $memory$flatten\u_dec.$auto$proc_rom.cc:150:do_switch$435$rdmux[0][2][0]$a$2139 [1] $memory$flatten\u_dec.$auto$proc_rom.cc:150:do_switch$435$rdmux[0][2][0]$a$2139 [1] 1'0 }
    Consolidated identical input bits for $mux cell $memory$flatten\u_dec.$auto$proc_rom.cc:150:do_switch$435$rdmux[0][3][3]$2159:
      Old ports: A=7'1011111, B=7'1110000, Y=$memory$flatten\u_dec.$auto$proc_rom.cc:150:do_switch$435$rdmux[0][2][1]$b$2143
      New ports: A=2'01, B=2'10, Y={ $memory$flatten\u_dec.$auto$proc_rom.cc:150:do_switch$435$rdmux[0][2][1]$b$2143 [5] $memory$flatten\u_dec.$auto$proc_rom.cc:150:do_switch$435$rdmux[0][2][1]$b$2143 [0] }
      New connections: { $memory$flatten\u_dec.$auto$proc_rom.cc:150:do_switch$435$rdmux[0][2][1]$b$2143 [6] $memory$flatten\u_dec.$auto$proc_rom.cc:150:do_switch$435$rdmux[0][2][1]$b$2143 [4:1] } = { 2'11 $memory$flatten\u_dec.$auto$proc_rom.cc:150:do_switch$435$rdmux[0][2][1]$b$2143 [0] $memory$flatten\u_dec.$auto$proc_rom.cc:150:do_switch$435$rdmux[0][2][1]$b$2143 [0] $memory$flatten\u_dec.$auto$proc_rom.cc:150:do_switch$435$rdmux[0][2][1]$b$2143 [0] }
    Consolidated identical input bits for $mux cell $flatten\u_bcd.$procmux$651:
      Old ports: A={ 2'00 $auto$alumacc.cc:501:replace_alu$1495 [0] $auto$alumacc.cc:501:replace_alu$1486 [0] }, B={ 1'0 $flatten\u_bcd.$add$../design/bin2bcd.sv:28$98_Y [2:0] }, Y={ $auto$alumacc.cc:501:replace_alu$1629 [0] $flatten\u_bcd.$7\b2[3:0] [2:0] }
      New ports: A={ 1'0 $auto$alumacc.cc:501:replace_alu$1495 [0] $auto$alumacc.cc:501:replace_alu$1486 [0] }, B=$flatten\u_bcd.$add$../design/bin2bcd.sv:28$98_Y [2:0], Y=$flatten\u_bcd.$7\b2[3:0] [2:0]
      New connections: $auto$alumacc.cc:501:replace_alu$1629 [0] = 1'0
    Consolidated identical input bits for $mux cell $flatten\u_bcd.$procmux$672:
      Old ports: A={ 2'00 $auto$alumacc.cc:501:replace_alu$1432 [0] $auto$alumacc.cc:501:replace_alu$1423 [0] }, B={ 1'0 $flatten\u_bcd.$add$../design/bin2bcd.sv:29$82_Y [2:0] }, Y={ $auto$alumacc.cc:501:replace_alu$1495 [0] $flatten\u_bcd.$5\b1[3:0] [2:0] }
      New ports: A={ 1'0 $auto$alumacc.cc:501:replace_alu$1432 [0] $auto$alumacc.cc:501:replace_alu$1423 [0] }, B=$flatten\u_bcd.$add$../design/bin2bcd.sv:29$82_Y [2:0], Y=$flatten\u_bcd.$5\b1[3:0] [2:0]
      New connections: $auto$alumacc.cc:501:replace_alu$1495 [0] = 1'0
    Consolidated identical input bits for $mux cell $memory$flatten\u_dec.$auto$proc_rom.cc:150:do_switch$435$rdmux[0][3][4]$2162:
      Old ports: A=7'1111111, B=7'1111011, Y=$memory$flatten\u_dec.$auto$proc_rom.cc:150:do_switch$435$rdmux[0][2][2]$a$2145
      New ports: A=1'1, B=1'0, Y=$memory$flatten\u_dec.$auto$proc_rom.cc:150:do_switch$435$rdmux[0][2][2]$a$2145 [2]
      New connections: { $memory$flatten\u_dec.$auto$proc_rom.cc:150:do_switch$435$rdmux[0][2][2]$a$2145 [6:3] $memory$flatten\u_dec.$auto$proc_rom.cc:150:do_switch$435$rdmux[0][2][2]$a$2145 [1:0] } = 6'111111
    Consolidated identical input bits for $mux cell $flatten\u_kbd.$procmux$808:
      Old ports: A=4'0000, B=4'1011, Y=$flatten\u_kbd.$13\tecla[3:0]
      New ports: A=1'0, B=1'1, Y=$flatten\u_kbd.$13\tecla[3:0] [0]
      New connections: $flatten\u_kbd.$13\tecla[3:0] [3:1] = { $flatten\u_kbd.$13\tecla[3:0] [0] 1'0 $flatten\u_kbd.$13\tecla[3:0] [0] }
    Consolidated identical input bits for $mux cell $flatten\u_kbd.$procmux$922:
      Old ports: A=4'0000, B=4'1000, Y=$flatten\u_kbd.$8\tecla[3:0]
      New ports: A=1'0, B=1'1, Y=$flatten\u_kbd.$8\tecla[3:0] [3]
      New connections: $flatten\u_kbd.$8\tecla[3:0] [2:0] = 3'000
    Consolidated identical input bits for $mux cell $flatten\u_kbd.$procmux$987:
      Old ports: A=4'0000, B=4'1010, Y=$flatten\u_kbd.$5\tecla[3:0]
      New ports: A=1'0, B=1'1, Y=$flatten\u_kbd.$5\tecla[3:0] [1]
      New connections: { $flatten\u_kbd.$5\tecla[3:0] [3:2] $flatten\u_kbd.$5\tecla[3:0] [0] } = { $flatten\u_kbd.$5\tecla[3:0] [1] 2'00 }
  Optimizing cells in module \top.
    Consolidated identical input bits for $mux cell $memory$flatten\u_dec.$auto$proc_rom.cc:150:do_switch$435$rdmux[0][2][2]$2144:
      Old ports: A=$memory$flatten\u_dec.$auto$proc_rom.cc:150:do_switch$435$rdmux[0][2][2]$a$2145, B=7'0000000, Y=$memory$flatten\u_dec.$auto$proc_rom.cc:150:do_switch$435$rdmux[0][1][1]$a$2136
      New ports: A={ $memory$flatten\u_dec.$auto$proc_rom.cc:150:do_switch$435$rdmux[0][2][2]$a$2145 [2] 1'1 }, B=2'00, Y={ $memory$flatten\u_dec.$auto$proc_rom.cc:150:do_switch$435$rdmux[0][1][1]$a$2136 [2] $memory$flatten\u_dec.$auto$proc_rom.cc:150:do_switch$435$rdmux[0][1][1]$a$2136 [0] }
      New connections: { $memory$flatten\u_dec.$auto$proc_rom.cc:150:do_switch$435$rdmux[0][1][1]$a$2136 [6:3] $memory$flatten\u_dec.$auto$proc_rom.cc:150:do_switch$435$rdmux[0][1][1]$a$2136 [1] } = { $memory$flatten\u_dec.$auto$proc_rom.cc:150:do_switch$435$rdmux[0][1][1]$a$2136 [0] $memory$flatten\u_dec.$auto$proc_rom.cc:150:do_switch$435$rdmux[0][1][1]$a$2136 [0] $memory$flatten\u_dec.$auto$proc_rom.cc:150:do_switch$435$rdmux[0][1][1]$a$2136 [0] $memory$flatten\u_dec.$auto$proc_rom.cc:150:do_switch$435$rdmux[0][1][1]$a$2136 [0] $memory$flatten\u_dec.$auto$proc_rom.cc:150:do_switch$435$rdmux[0][1][1]$a$2136 [0] }
    Consolidated identical input bits for $mux cell $memory$flatten\u_dec.$auto$proc_rom.cc:150:do_switch$435$rdmux[0][2][1]$2141:
      Old ports: A=$memory$flatten\u_dec.$auto$proc_rom.cc:150:do_switch$435$rdmux[0][2][1]$a$2142, B=$memory$flatten\u_dec.$auto$proc_rom.cc:150:do_switch$435$rdmux[0][2][1]$b$2143, Y=$memory$flatten\u_dec.$auto$proc_rom.cc:150:do_switch$435$rdmux[0][1][0]$b$2134
      New ports: A={ $memory$flatten\u_dec.$auto$proc_rom.cc:150:do_switch$435$rdmux[0][2][1]$a$2142 [3] $memory$flatten\u_dec.$auto$proc_rom.cc:150:do_switch$435$rdmux[0][2][1]$a$2142 [5] $memory$flatten\u_dec.$auto$proc_rom.cc:150:do_switch$435$rdmux[0][2][1]$a$2142 [3] 2'01 }, B={ 1'1 $memory$flatten\u_dec.$auto$proc_rom.cc:150:do_switch$435$rdmux[0][2][1]$b$2143 [5] $memory$flatten\u_dec.$auto$proc_rom.cc:150:do_switch$435$rdmux[0][2][1]$b$2143 [0] $memory$flatten\u_dec.$auto$proc_rom.cc:150:do_switch$435$rdmux[0][2][1]$b$2143 [0] $memory$flatten\u_dec.$auto$proc_rom.cc:150:do_switch$435$rdmux[0][2][1]$b$2143 [0] }, Y={ $memory$flatten\u_dec.$auto$proc_rom.cc:150:do_switch$435$rdmux[0][1][0]$b$2134 [6:5] $memory$flatten\u_dec.$auto$proc_rom.cc:150:do_switch$435$rdmux[0][1][0]$b$2134 [3:2] $memory$flatten\u_dec.$auto$proc_rom.cc:150:do_switch$435$rdmux[0][1][0]$b$2134 [0] }
      New connections: { $memory$flatten\u_dec.$auto$proc_rom.cc:150:do_switch$435$rdmux[0][1][0]$b$2134 [4] $memory$flatten\u_dec.$auto$proc_rom.cc:150:do_switch$435$rdmux[0][1][0]$b$2134 [1] } = { 1'1 $memory$flatten\u_dec.$auto$proc_rom.cc:150:do_switch$435$rdmux[0][1][0]$b$2134 [0] }
    Consolidated identical input bits for $mux cell $memory$flatten\u_dec.$auto$proc_rom.cc:150:do_switch$435$rdmux[0][2][0]$2138:
      Old ports: A=$memory$flatten\u_dec.$auto$proc_rom.cc:150:do_switch$435$rdmux[0][2][0]$a$2139, B=$memory$flatten\u_dec.$auto$proc_rom.cc:150:do_switch$435$rdmux[0][2][0]$b$2140, Y=$memory$flatten\u_dec.$auto$proc_rom.cc:150:do_switch$435$rdmux[0][1][0]$a$2133
      New ports: A={ 1'1 $memory$flatten\u_dec.$auto$proc_rom.cc:150:do_switch$435$rdmux[0][2][0]$a$2139 [1] $memory$flatten\u_dec.$auto$proc_rom.cc:150:do_switch$435$rdmux[0][2][0]$a$2139 [1] $memory$flatten\u_dec.$auto$proc_rom.cc:150:do_switch$435$rdmux[0][2][0]$a$2139 [1] 1'0 }, B={ $memory$flatten\u_dec.$auto$proc_rom.cc:150:do_switch$435$rdmux[0][2][0]$b$2140 [4] 1'1 $memory$flatten\u_dec.$auto$proc_rom.cc:150:do_switch$435$rdmux[0][2][0]$b$2140 [2] 2'01 }, Y=$memory$flatten\u_dec.$auto$proc_rom.cc:150:do_switch$435$rdmux[0][1][0]$a$2133 [4:0]
      New connections: $memory$flatten\u_dec.$auto$proc_rom.cc:150:do_switch$435$rdmux[0][1][0]$a$2133 [6:5] = { $memory$flatten\u_dec.$auto$proc_rom.cc:150:do_switch$435$rdmux[0][1][0]$a$2133 [3] 1'1 }
    Consolidated identical input bits for $mux cell $flatten\u_kbd.$procmux$1018:
      Old ports: A=$flatten\u_kbd.$5\tecla[3:0], B=4'0111, Y=$flatten\u_kbd.$4\tecla[3:0]
      New ports: A={ $flatten\u_kbd.$5\tecla[3:0] [1] $flatten\u_kbd.$5\tecla[3:0] [1] 1'0 }, B=3'011, Y={ $flatten\u_kbd.$4\tecla[3:0] [3] $flatten\u_kbd.$4\tecla[3:0] [1:0] }
      New connections: $flatten\u_kbd.$4\tecla[3:0] [2] = $flatten\u_kbd.$4\tecla[3:0] [0]
    Consolidated identical input bits for $mux cell $flatten\u_kbd.$procmux$835:
      Old ports: A=$flatten\u_kbd.$13\tecla[3:0], B=4'1001, Y=$flatten\u_kbd.$12\tecla[3:0]
      New ports: A={ $flatten\u_kbd.$13\tecla[3:0] [0] $flatten\u_kbd.$13\tecla[3:0] [0] }, B=2'01, Y=$flatten\u_kbd.$12\tecla[3:0] [1:0]
      New connections: $flatten\u_kbd.$12\tecla[3:0] [3:2] = { $flatten\u_kbd.$12\tecla[3:0] [0] 1'0 }
    Consolidated identical input bits for $mux cell $flatten\u_kbd.$procmux$945:
      Old ports: A=$flatten\u_kbd.$8\tecla[3:0], B=4'0101, Y=$flatten\u_kbd.$7\tecla[3:0]
      New ports: A={ $flatten\u_kbd.$8\tecla[3:0] [3] 1'0 }, B=2'01, Y={ $flatten\u_kbd.$7\tecla[3:0] [3] $flatten\u_kbd.$7\tecla[3:0] [0] }
      New connections: $flatten\u_kbd.$7\tecla[3:0] [2:1] = { $flatten\u_kbd.$7\tecla[3:0] [0] 1'0 }
  Optimizing cells in module \top.
    Consolidated identical input bits for $mux cell $memory$flatten\u_dec.$auto$proc_rom.cc:150:do_switch$435$rdmux[0][1][1]$2135:
      Old ports: A=$memory$flatten\u_dec.$auto$proc_rom.cc:150:do_switch$435$rdmux[0][1][1]$a$2136, B=7'0000000, Y=$memory$flatten\u_dec.$auto$proc_rom.cc:150:do_switch$435$rdmux[0][0][0]$b$2131
      New ports: A={ $memory$flatten\u_dec.$auto$proc_rom.cc:150:do_switch$435$rdmux[0][1][1]$a$2136 [2] $memory$flatten\u_dec.$auto$proc_rom.cc:150:do_switch$435$rdmux[0][1][1]$a$2136 [0] }, B=2'00, Y={ $memory$flatten\u_dec.$auto$proc_rom.cc:150:do_switch$435$rdmux[0][0][0]$b$2131 [2] $memory$flatten\u_dec.$auto$proc_rom.cc:150:do_switch$435$rdmux[0][0][0]$b$2131 [0] }
      New connections: { $memory$flatten\u_dec.$auto$proc_rom.cc:150:do_switch$435$rdmux[0][0][0]$b$2131 [6:3] $memory$flatten\u_dec.$auto$proc_rom.cc:150:do_switch$435$rdmux[0][0][0]$b$2131 [1] } = { $memory$flatten\u_dec.$auto$proc_rom.cc:150:do_switch$435$rdmux[0][0][0]$b$2131 [0] $memory$flatten\u_dec.$auto$proc_rom.cc:150:do_switch$435$rdmux[0][0][0]$b$2131 [0] $memory$flatten\u_dec.$auto$proc_rom.cc:150:do_switch$435$rdmux[0][0][0]$b$2131 [0] $memory$flatten\u_dec.$auto$proc_rom.cc:150:do_switch$435$rdmux[0][0][0]$b$2131 [0] $memory$flatten\u_dec.$auto$proc_rom.cc:150:do_switch$435$rdmux[0][0][0]$b$2131 [0] }
    Consolidated identical input bits for $mux cell $flatten\u_kbd.$procmux$856:
      Old ports: A=$flatten\u_kbd.$12\tecla[3:0], B=4'0110, Y=$flatten\u_kbd.$11\tecla[3:0]
      New ports: A={ 1'0 $flatten\u_kbd.$12\tecla[3:0] [1:0] }, B=3'110, Y=$flatten\u_kbd.$11\tecla[3:0] [2:0]
      New connections: $flatten\u_kbd.$11\tecla[3:0] [3] = $flatten\u_kbd.$11\tecla[3:0] [0]
    Consolidated identical input bits for $mux cell $flatten\u_kbd.$procmux$962:
      Old ports: A=$flatten\u_kbd.$7\tecla[3:0], B=4'0010, Y=$flatten\u_kbd.$6\tecla[3:0]
      New ports: A={ $flatten\u_kbd.$7\tecla[3:0] [3] 1'0 $flatten\u_kbd.$7\tecla[3:0] [0] }, B=3'010, Y={ $flatten\u_kbd.$6\tecla[3:0] [3] $flatten\u_kbd.$6\tecla[3:0] [1:0] }
      New connections: $flatten\u_kbd.$6\tecla[3:0] [2] = $flatten\u_kbd.$6\tecla[3:0] [0]
  Optimizing cells in module \top.
Performed a total of 19 changes.

11.12.5. Executing OPT_MERGE pass (detect identical cells).
Finding identical cells in module `\top'.
<suppressed ~14 debug messages>
Removed a total of 4 cells.

11.12.6. Executing OPT_DFF pass (perform DFF optimizations).

11.12.7. Executing OPT_CLEAN pass (remove unused cells and wires).
Finding unused cells or wires in module \top..
Removed 0 unused cells and 28 unused wires.
<suppressed ~1 debug messages>

11.12.8. Executing OPT_EXPR pass (perform const folding).
Optimizing module top.
<suppressed ~33 debug messages>

11.12.9. Rerunning OPT passes. (Maybe there is more to do..)

11.12.10. Executing OPT_MUXTREE pass (detect dead branches in mux trees).
Running muxtree optimizer on module \top..
  Creating internal representation of mux trees.
  Evaluating internal representation of mux trees.
  Analyzing evaluation results.
Removed 0 multiplexer ports.
<suppressed ~35 debug messages>

11.12.11. Executing OPT_REDUCE pass (consolidate $*mux and $reduce_* inputs).
  Optimizing cells in module \top.
    Consolidated identical input bits for $mux cell $flatten\u_bcd.$procmux$639:
      Old ports: A={ $flatten\u_bcd.$7\b2[3:0] [2:0] $auto$alumacc.cc:501:replace_alu$1549 [0] }, B=$flatten\u_bcd.$add$../design/bin2bcd.sv:28$107_Y [3:0], Y={ $auto$alumacc.cc:501:replace_alu$1620 [0] $flatten\u_bcd.$8\b2[3:0] [2:0] }
      New ports: A={ 1'0 $auto$alumacc.cc:501:replace_alu$1486 [0] $auto$alumacc.cc:501:replace_alu$1549 [0] }, B=$flatten\u_bcd.$add$../design/bin2bcd.sv:28$107_Y [2:0], Y=$flatten\u_bcd.$8\b2[3:0] [2:0]
      New connections: $auto$alumacc.cc:501:replace_alu$1620 [0] = 1'0
  Optimizing cells in module \top.
Performed a total of 1 changes.

11.12.12. Executing OPT_MERGE pass (detect identical cells).
Finding identical cells in module `\top'.
Removed a total of 0 cells.

11.12.13. Executing OPT_DFF pass (perform DFF optimizations).

11.12.14. Executing OPT_CLEAN pass (remove unused cells and wires).
Finding unused cells or wires in module \top..
Removed 2 unused cells and 27 unused wires.
<suppressed ~3 debug messages>

11.12.15. Executing OPT_EXPR pass (perform const folding).
Optimizing module top.
<suppressed ~17 debug messages>

11.12.16. Rerunning OPT passes. (Maybe there is more to do..)

11.12.17. Executing OPT_MUXTREE pass (detect dead branches in mux trees).
Running muxtree optimizer on module \top..
  Creating internal representation of mux trees.
  Evaluating internal representation of mux trees.
  Analyzing evaluation results.
Removed 0 multiplexer ports.
<suppressed ~34 debug messages>

11.12.18. Executing OPT_REDUCE pass (consolidate $*mux and $reduce_* inputs).
  Optimizing cells in module \top.
Performed a total of 0 changes.

11.12.19. Executing OPT_MERGE pass (detect identical cells).
Finding identical cells in module `\top'.
Removed a total of 0 cells.

11.12.20. Executing OPT_DFF pass (perform DFF optimizations).

11.12.21. Executing OPT_CLEAN pass (remove unused cells and wires).
Finding unused cells or wires in module \top..
Removed 1 unused cells and 15 unused wires.
<suppressed ~2 debug messages>

11.12.22. Executing OPT_EXPR pass (perform const folding).
Optimizing module top.

11.12.23. Rerunning OPT passes. (Maybe there is more to do..)

11.12.24. Executing OPT_MUXTREE pass (detect dead branches in mux trees).
Running muxtree optimizer on module \top..
  Creating internal representation of mux trees.
  Evaluating internal representation of mux trees.
  Analyzing evaluation results.
Removed 0 multiplexer ports.
<suppressed ~34 debug messages>

11.12.25. Executing OPT_REDUCE pass (consolidate $*mux and $reduce_* inputs).
  Optimizing cells in module \top.
Performed a total of 0 changes.

11.12.26. Executing OPT_MERGE pass (detect identical cells).
Finding identical cells in module `\top'.
Removed a total of 0 cells.

11.12.27. Executing OPT_DFF pass (perform DFF optimizations).

11.12.28. Executing OPT_CLEAN pass (remove unused cells and wires).
Finding unused cells or wires in module \top..

11.12.29. Executing OPT_EXPR pass (perform const folding).
Optimizing module top.

11.12.30. Finished OPT passes. (There is nothing left to do.)

11.13. Executing TECHMAP pass (map to technology primitives).

11.13.1. Executing Verilog-2005 frontend: c:\Users\david\OneDrive\ESCRIT~1\Nacho\TEC\virus\OSS-CA~1\bin\../share/yosys/techmap.v
Parsing Verilog input from `c:\Users\david\OneDrive\ESCRIT~1\Nacho\TEC\virus\OSS-CA~1\bin\../share/yosys/techmap.v' to AST representation.
Generating RTLIL representation for module `\_90_simplemap_bool_ops'.
Generating RTLIL representation for module `\_90_simplemap_reduce_ops'.
Generating RTLIL representation for module `\_90_simplemap_logic_ops'.
Generating RTLIL representation for module `\_90_simplemap_compare_ops'.
Generating RTLIL representation for module `\_90_simplemap_various'.
Generating RTLIL representation for module `\_90_simplemap_registers'.
Generating RTLIL representation for module `\_90_shift_ops_shr_shl_sshl_sshr'.
Generating RTLIL representation for module `\_90_shift_shiftx'.
Generating RTLIL representation for module `\_90_fa'.
Generating RTLIL representation for module `\_90_lcu'.
Generating RTLIL representation for module `\_90_alu'.
Generating RTLIL representation for module `\_90_macc'.
Generating RTLIL representation for module `\_90_alumacc'.
Generating RTLIL representation for module `\$__div_mod_u'.
Generating RTLIL representation for module `\$__div_mod_trunc'.
Generating RTLIL representation for module `\_90_div'.
Generating RTLIL representation for module `\_90_mod'.
Generating RTLIL representation for module `\$__div_mod_floor'.
Generating RTLIL representation for module `\_90_divfloor'.
Generating RTLIL representation for module `\_90_modfloor'.
Generating RTLIL representation for module `\_90_pow'.
Generating RTLIL representation for module `\_90_pmux'.
Generating RTLIL representation for module `\_90_demux'.
Generating RTLIL representation for module `\_90_lut'.
Successfully finished Verilog frontend.

11.13.2. Executing Verilog-2005 frontend: c:\Users\david\OneDrive\ESCRIT~1\Nacho\TEC\virus\OSS-CA~1\bin\../share/yosys/gowin/arith_map.v
Parsing Verilog input from `c:\Users\david\OneDrive\ESCRIT~1\Nacho\TEC\virus\OSS-CA~1\bin\../share/yosys/gowin/arith_map.v' to AST representation.
Generating RTLIL representation for module `\_80_gw1n_alu'.
Successfully finished Verilog frontend.

11.13.3. Continuing TECHMAP pass.
Using extmapper simplemap for cells of type $reduce_or.
Using extmapper simplemap for cells of type $and.
Using extmapper simplemap for cells of type $eq.
Using extmapper simplemap for cells of type $reduce_and.
Using extmapper simplemap for cells of type $not.
Using extmapper simplemap for cells of type $or.
Using extmapper simplemap for cells of type $sdffce.
Using extmapper simplemap for cells of type $sdff.
Using template $paramod$85df5dc01c7df96a7d8e5f1fdf76ce9ac452af63\_90_pmux for cells of type $pmux.
Using template $paramod$c2e415ef15bc3ccd2723772353a6b450d3d76206\_90_pmux for cells of type $pmux.
Using extmapper simplemap for cells of type $mux.
Using extmapper simplemap for cells of type $logic_not.
Using template $paramod$546f3f62de618651dd3a8b3f9e661fb34b30a603\_80_gw1n_alu for cells of type $alu.
Using template $paramod$78e969f2586efcf3a5b0b0440bcca0db83d5cca2\_80_gw1n_alu for cells of type $alu.
Using extmapper simplemap for cells of type $dff.
Using template $paramod$57bf76e00c3430ff419b4b8efc81ad2e7bd8e937\_80_gw1n_alu for cells of type $alu.
Using extmapper simplemap for cells of type $logic_and.
Using template $paramod$79fc7abbb3333dbd5736999d565fd903198fb1eb\_80_gw1n_alu for cells of type $alu.
Using extmapper simplemap for cells of type $sdffe.
Using template $paramod$2af30114e9bd4ccb04dad757b3f0a8f6bf0615b0\_80_gw1n_alu for cells of type $alu.
Using extmapper maccmap for cells of type $macc.
  add 5'11001 * \u_b3.d2_2 (5x4 bits, unsigned)
  add { $flatten\u_b4.$mul$../design/B4_sumar_numero.sv:27$32_Y [10:2] 2'00 } (11 bits, unsigned)
  add \u_b3.d0_2 (4 bits, unsigned)
  add { $flatten\u_b4.$mul$../design/B4_sumar_numero.sv:27$33_Y [7:1] 1'0 } (8 bits, unsigned)
  add { $auto$wreduce.cc:455:run$1220 [10:2] 2'00 } (11 bits, unsigned)
  add \u_b3.d0_1 (4 bits, unsigned)
  add { $flatten\u_b4.$mul$../design/B4_sumar_numero.sv:26$29_Y [7:1] 1'0 } (8 bits, unsigned)
  add \u_b3.d1_1 * 3'101 (4x3 bits, unsigned)
  add \u_b3.d1_2 * 3'101 (4x3 bits, unsigned)
Using template $paramod$b3c20b05d9b1fc2c940ef2f6c917486aead042e8\_80_gw1n_alu for cells of type $alu.
Using template $paramod$f85408ed1aa3d09e465edae8a7bf590332ae9f7b\_80_gw1n_alu for cells of type $alu.
Using template $paramod$740b056ede97228d3eae64ea2fdc81f0a33e0fe7\_80_gw1n_alu for cells of type $alu.
Using template $paramod$c6885379b74fbbf6906b35106e386e521d86cbb2\_80_gw1n_alu for cells of type $alu.
Using template $paramod$7e708ae28ab761f11d0fb59d3ffc72f6a4baf5d9\_90_alu for cells of type $alu.
Using template $paramod$3ef7d3dd227da7627a99c5e5a6a4deb817573e39\_80_gw1n_alu for cells of type $alu.
  add 5'11001 * \u_b3.d2_1 (5x4 bits, unsigned)
Using template $paramod$175e67c02b86e96b1288b9dc100122520d7240d8\_90_alu for cells of type $alu.
Using extmapper simplemap for cells of type $pos.
Using extmapper simplemap for cells of type $xor.
Using template $paramod\_90_fa\WIDTH=32'00000000000000000000000000000111 for cells of type $fa.
Using template $paramod$dbcdc7e8aa1a4080cea2deda6fdc8772064f4d90\_80_gw1n_alu for cells of type $alu.
Using template $paramod\_90_fa\WIDTH=32'00000000000000000000000000001001 for cells of type $fa.
Using template $paramod$d2fa05d38998afabc6d4f34471305d0af4b8b2df\_80_gw1n_alu for cells of type $alu.
Using template $paramod\_90_fa\WIDTH=32'00000000000000000000000000001011 for cells of type $fa.
Using template $paramod$ec32b97001540459632a2df9accd677d3703ea0f\_80_gw1n_alu for cells of type $alu.
Using template $paramod\_90_lcu\WIDTH=32'00000000000000000000000000000010 for cells of type $lcu.
No more expansions possible.
<suppressed ~1484 debug messages>

11.14. Executing OPT pass (performing simple optimizations).

11.14.1. Executing OPT_EXPR pass (perform const folding).
Optimizing module top.
<suppressed ~1154 debug messages>

11.14.2. Executing OPT_MERGE pass (detect identical cells).
Finding identical cells in module `\top'.
<suppressed ~150 debug messages>
Removed a total of 50 cells.

11.14.3. Executing OPT_DFF pass (perform DFF optimizations).

11.14.4. Executing OPT_CLEAN pass (remove unused cells and wires).
Finding unused cells or wires in module \top..
Removed 107 unused cells and 1775 unused wires.
<suppressed ~108 debug messages>

11.14.5. Finished fast OPT passes.

11.15. Executing IOPADMAP pass (mapping inputs/outputs to IO-PAD cells).
Mapping port top.clk using IBUF.
Mapping port top.cols using OBUF.
Mapping port top.digit using OBUF.
Mapping port top.rows using IBUF.
Mapping port top.rst using IBUF.
Mapping port top.seg using OBUF.

11.16. Executing OPT_CLEAN pass (remove unused cells and wires).
Finding unused cells or wires in module \top..
Removed 0 unused cells and 6 unused wires.
<suppressed ~1 debug messages>

11.17. Executing DFFLEGALIZE pass (convert FFs to types supported by the target).

11.18. Executing TECHMAP pass (map to technology primitives).

11.18.1. Executing Verilog-2005 frontend: c:\Users\david\OneDrive\ESCRIT~1\Nacho\TEC\virus\OSS-CA~1\bin\../share/yosys/gowin/cells_map.v
Parsing Verilog input from `c:\Users\david\OneDrive\ESCRIT~1\Nacho\TEC\virus\OSS-CA~1\bin\../share/yosys/gowin/cells_map.v' to AST representation.
Generating RTLIL representation for module `\$_DFF_N_'.
Generating RTLIL representation for module `\$_DFF_P_'.
Generating RTLIL representation for module `\$_DFFE_PP_'.
Generating RTLIL representation for module `\$_DFFE_NP_'.
Generating RTLIL representation for module `\$_SDFF_PP0_'.
Generating RTLIL representation for module `\$_SDFF_NP0_'.
Generating RTLIL representation for module `\$_SDFFE_PP0P_'.
Generating RTLIL representation for module `\$_SDFFE_NP0P_'.
Generating RTLIL representation for module `\$_SDFF_PP1_'.
Generating RTLIL representation for module `\$_SDFF_NP1_'.
Generating RTLIL representation for module `\$_SDFFE_PP1P_'.
Generating RTLIL representation for module `\$_SDFFE_NP1P_'.
Generating RTLIL representation for module `\$_DFF_PP1_'.
Generating RTLIL representation for module `\$_DFF_NP1_'.
Generating RTLIL representation for module `\$_DFF_PP0_'.
Generating RTLIL representation for module `\$_DFF_NP0_'.
Generating RTLIL representation for module `\$_DFFE_PP1P_'.
Generating RTLIL representation for module `\$_DFFE_NP1P_'.
Generating RTLIL representation for module `\$_DFFE_PP0P_'.
Generating RTLIL representation for module `\$_DFFE_NP0P_'.
Generating RTLIL representation for module `\$lut'.
Successfully finished Verilog frontend.

11.18.2. Continuing TECHMAP pass.
Using template \$_DFF_P_ for cells of type $_DFF_P_.
Using template \$_SDFFE_PP0P_ for cells of type $_SDFFE_PP0P_.
Using template \$_SDFF_PP0_ for cells of type $_SDFF_PP0_.
No more expansions possible.
<suppressed ~107 debug messages>

11.19. Executing OPT_EXPR pass (perform const folding).
Optimizing module top.
<suppressed ~1 debug messages>

11.20. Executing SIMPLEMAP pass (map simple cells to gate primitives).

11.21. Executing ABC pass (technology mapping using ABC).

11.21.1. Extracting gate netlist of module `\top' to `<abc-temp-dir>/input.blif'..
Extracted 631 gates and 851 wires to a netlist network with 218 inputs and 210 outputs.

11.21.1.1. Executing ABC.
Running ABC command: "<yosys-exe-dir>/yosys-abc" -s -f <abc-temp-dir>/abc.script 2>&1
ABC: ABC command line: "source <abc-temp-dir>/abc.script".
ABC: 
ABC: + read_blif <abc-temp-dir>/input.blif 
ABC: + read_lut <abc-temp-dir>/lutdefs.txt 
ABC: + strash 
ABC: + &get -n 
ABC: + &fraig -x 
ABC: + &put 
ABC: + scorr 
ABC: Warning: The network is combinational (run "fraig" or "fraig_sweep").
ABC: + dc2 
ABC: + dretime 
ABC: + strash 
ABC: + dch -f 
ABC: + if 
ABC: + mfs2 
ABC: + write_blif <abc-temp-dir>/output.blif 

11.21.1.2. Re-integrating ABC results.
ABC RESULTS:              $lut cells:      293
ABC RESULTS:        internal signals:      423
ABC RESULTS:           input signals:      218
ABC RESULTS:          output signals:      210
Removing temp directory.
Removed 0 unused cells and 1111 unused wires.

11.22. Executing TECHMAP pass (map to technology primitives).

11.22.1. Executing Verilog-2005 frontend: c:\Users\david\OneDrive\ESCRIT~1\Nacho\TEC\virus\OSS-CA~1\bin\../share/yosys/gowin/cells_map.v
Parsing Verilog input from `c:\Users\david\OneDrive\ESCRIT~1\Nacho\TEC\virus\OSS-CA~1\bin\../share/yosys/gowin/cells_map.v' to AST representation.
Generating RTLIL representation for module `\$_DFF_N_'.
Generating RTLIL representation for module `\$_DFF_P_'.
Generating RTLIL representation for module `\$_DFFE_PP_'.
Generating RTLIL representation for module `\$_DFFE_NP_'.
Generating RTLIL representation for module `\$_SDFF_PP0_'.
Generating RTLIL representation for module `\$_SDFF_NP0_'.
Generating RTLIL representation for module `\$_SDFFE_PP0P_'.
Generating RTLIL representation for module `\$_SDFFE_NP0P_'.
Generating RTLIL representation for module `\$_SDFF_PP1_'.
Generating RTLIL representation for module `\$_SDFF_NP1_'.
Generating RTLIL representation for module `\$_SDFFE_PP1P_'.
Generating RTLIL representation for module `\$_SDFFE_NP1P_'.
Generating RTLIL representation for module `\$_DFF_PP1_'.
Generating RTLIL representation for module `\$_DFF_NP1_'.
Generating RTLIL representation for module `\$_DFF_PP0_'.
Generating RTLIL representation for module `\$_DFF_NP0_'.
Generating RTLIL representation for module `\$_DFFE_PP1P_'.
Generating RTLIL representation for module `\$_DFFE_NP1P_'.
Generating RTLIL representation for module `\$_DFFE_PP0P_'.
Generating RTLIL representation for module `\$_DFFE_NP0P_'.
Generating RTLIL representation for module `\$lut'.
Successfully finished Verilog frontend.

11.22.2. Continuing TECHMAP pass.
Using template $paramod\$lut\WIDTH=32'00000000000000000000000000000010\LUT=4'0110 for cells of type $lut.
Using template $paramod\$lut\WIDTH=32'00000000000000000000000000000010\LUT=4'0100 for cells of type $lut.
Using template $paramod$6e238df02989b317f10820a22773676e71120644\$lut for cells of type $lut.
Using template $paramod\$lut\WIDTH=32'00000000000000000000000000000010\LUT=4'1000 for cells of type $lut.
Using template $paramod\$lut\WIDTH=32'00000000000000000000000000000011\LUT=8'10000000 for cells of type $lut.
Using template $paramod$548a528b748c13051e6beeb3b524f491250fe2c7\$lut for cells of type $lut.
Using template $paramod$65647fa5b928b769b016361977dbac0e71820c56\$lut for cells of type $lut.
Using template $paramod$cef9b9f60770bd437227488d02cb5fa249c7fb5d\$lut for cells of type $lut.
Using template $paramod$b2a335c8aeb04dca1f2c9fe838fae62aef9b7313\$lut for cells of type $lut.
Using template $paramod$890aa4bf43da5c1aa2675735a695df30d4242c49\$lut for cells of type $lut.
Using template $paramod$a1bfe169d3555f20a4d1fc1579c476b6e2642d2f\$lut for cells of type $lut.
Using template $paramod$3ddb6b5fd891ce962b48a4f676df08f9907ce51e\$lut for cells of type $lut.
Using template $paramod$eab4cda1d388399808ca8130b6d69cdcaca2fa04\$lut for cells of type $lut.
Using template $paramod$e6c52ae3774cbd8351bef720bedd498d3f1980ee\$lut for cells of type $lut.
Using template $paramod$1b372cbc15b79410cf4fdcc168c8c694e66f0db0\$lut for cells of type $lut.
Using template $paramod$a4404e742e43b8bf8bde71df8b64cbe0c6ba02bd\$lut for cells of type $lut.
Using template $paramod$8b24407096beec47292ddeb1567a058197a320b9\$lut for cells of type $lut.
Using template $paramod$f3bc76e95e0b99283d0b61d11b8df766f1c2d1a5\$lut for cells of type $lut.
Using template $paramod$d81683e16aa586e588d79d3ec9e260403082da39\$lut for cells of type $lut.
Using template $paramod\$lut\WIDTH=32'00000000000000000000000000000011\LUT=8'11001010 for cells of type $lut.
Using template $paramod$436da1ed4df9e383f770e19f097123d7f09097ba\$lut for cells of type $lut.
Using template $paramod$ed12ce48a62ebeae61f2daa04d1d871232818fc6\$lut for cells of type $lut.
Using template $paramod$780bc12ca66e4958b20832b73eda9e9daf0119cf\$lut for cells of type $lut.
Using template $paramod$e7971887a13e5a5f9afbd748be4f328546ffd47a\$lut for cells of type $lut.
Using template $paramod$6b0849254d6c87461fb93e37cc18f089f61eb912\$lut for cells of type $lut.
Using template $paramod\$lut\WIDTH=32'00000000000000000000000000000011\LUT=8'10010110 for cells of type $lut.
Using template $paramod\$lut\WIDTH=32'00000000000000000000000000000001\LUT=2'01 for cells of type $lut.
Using template $paramod$6d6beead1425af15cf78b27fd9b11b41b5d4bce8\$lut for cells of type $lut.
Using template $paramod$bbbb64386b555cc1df8aa214efc72a5aed123638\$lut for cells of type $lut.
Using template $paramod$d0d9d2191fa65e67d2bbb2da14e29343210c5dc3\$lut for cells of type $lut.
Using template $paramod$083b510ee9afa0966d15d3d82de2600fee95043d\$lut for cells of type $lut.
Using template $paramod$4d4cb0fb5de97e085dd5692a8615ddb2b2f6039b\$lut for cells of type $lut.
Using template $paramod$1058914b68471d18f016391611d3178002c2bddb\$lut for cells of type $lut.
Using template $paramod$608f40069c27841a5b3bdf03643a34bdc8974072\$lut for cells of type $lut.
Using template $paramod\$lut\WIDTH=32'00000000000000000000000000000010\LUT=4'0001 for cells of type $lut.
Using template $paramod$31cb1447b7aac839f2cdee34a67148a56f1ddd77\$lut for cells of type $lut.
Using template $paramod$658b9ed803f0d3d335616d3858b53e0a2522f1e8\$lut for cells of type $lut.
Using template $paramod\$lut\WIDTH=32'00000000000000000000000000000011\LUT=8'00000111 for cells of type $lut.
Using template $paramod$4da2782c2e024b3eded45331a6607870b9d0254f\$lut for cells of type $lut.
Using template $paramod\$lut\WIDTH=32'00000000000000000000000000000011\LUT=8'00010000 for cells of type $lut.
Using template $paramod$424c15b5b7e34c8a2f45ec4095ea9276156c7361\$lut for cells of type $lut.
Using template $paramod$188ccb25fb089bc750108fcfd2118ce78e8deef6\$lut for cells of type $lut.
Using template $paramod$89ad8e405130ef2164cb20ef208b5730649c6360\$lut for cells of type $lut.
Using template $paramod\$lut\WIDTH=32'00000000000000000000000000000011\LUT=8'11101000 for cells of type $lut.
Using template $paramod$2cd9fe6a958425f3e0bd2e16de48a6c48bef365e\$lut for cells of type $lut.
Using template $paramod$e6a4aac14b366f7770f6afc50867b3b8176ebb96\$lut for cells of type $lut.
Using template $paramod$4b2297966ddb718657b80566604f97685ffc0120\$lut for cells of type $lut.
Using template $paramod$126a0d2392c585059570b54a8e128caca8a62725\$lut for cells of type $lut.
Using template $paramod$77866606bcce94ab1a820ecbc7a0235b84e0fc57\$lut for cells of type $lut.
Using template $paramod$e24e78feb5d0fe7ad2ce7bda6d109cd9e5db4e9b\$lut for cells of type $lut.
Using template $paramod$0196238465e9897681c14fa001c9aa86522fb04d\$lut for cells of type $lut.
Using template $paramod$77a175d3e76217d4655ad82ba0c685a816db581d\$lut for cells of type $lut.
Using template $paramod$f1c269b2586b1a65d3f44887e06100fb8176305b\$lut for cells of type $lut.
Using template $paramod$f473debc7af95667e302b5ff52d12822ac829fc4\$lut for cells of type $lut.
Using template $paramod\$lut\WIDTH=32'00000000000000000000000000000011\LUT=8'11100000 for cells of type $lut.
Using template $paramod$278bd683847eac7727dff8003a1c1f2b20cfb7c6\$lut for cells of type $lut.
Using template $paramod$e49f6e3576ef1a6d2f58c54414dbb786af8cc869\$lut for cells of type $lut.
Using template $paramod$2f579c5cce2da14076cd75d68e3c894607ddc049\$lut for cells of type $lut.
Using template $paramod$c449d0026151fe9745692319c39173c04e314d5a\$lut for cells of type $lut.
Using template $paramod$6f9324703e8fcc3b6df2bc2bec54ec19a446ae96\$lut for cells of type $lut.
Using template $paramod$729a91ea77bddcd798f294797dd3c089a4f88479\$lut for cells of type $lut.
Using template $paramod$064bc2a6e2732bc28a1c2693afd71279934ba06c\$lut for cells of type $lut.
Using template $paramod$bce5127c8809e006bcbea2dd441f795c468a3008\$lut for cells of type $lut.
Using template $paramod$7c5c5d2e4df2cfdd6f4346ad6bec431edc220a72\$lut for cells of type $lut.
Using template $paramod$1666fa017818c90736a3bfd8d04672eafc077775\$lut for cells of type $lut.
Using template $paramod$8174465cd93a8ce374b1105bcdb85c35e7883167\$lut for cells of type $lut.
Using template $paramod$e02d61ad9a3ad4925334337a4a48bbc76de57755\$lut for cells of type $lut.
Using template $paramod$9aa6366d3ff4431c6b4f9f2d96700a0506ada2cc\$lut for cells of type $lut.
Using template $paramod$c1a19a87ccbbb03d43a72335db63f692ddf82cc1\$lut for cells of type $lut.
Using template $paramod$5d96863fbf016414a64b4f79eaa1ea5b8a9e139a\$lut for cells of type $lut.
Using template $paramod\$lut\WIDTH=32'00000000000000000000000000000011\LUT=8'01000000 for cells of type $lut.
Using template $paramod\$lut\WIDTH=32'00000000000000000000000000000011\LUT=8'10110100 for cells of type $lut.
Using template $paramod$a87301a706b0cf84e1dee7032501a355719c20ad\$lut for cells of type $lut.
Using template $paramod\$lut\WIDTH=32'00000000000000000000000000000011\LUT=8'00001110 for cells of type $lut.
Using template $paramod$bf60f6ec407ee294958b6566514fc3125ec42258\$lut for cells of type $lut.
Using template $paramod$baa939b0bd5b3e0c8760492528669bd58f640542\$lut for cells of type $lut.
Using template $paramod$480f2de070bc5752d24b7439886f4a5a13b9b68c\$lut for cells of type $lut.
Using template $paramod$5deeaee40c5165e536579ba920690606cba2b5eb\$lut for cells of type $lut.
Using template $paramod\$lut\WIDTH=32'00000000000000000000000000000011\LUT=8'10101100 for cells of type $lut.
Using template $paramod$40882341c54dcd36f630f00dd7e46a35652abd36\$lut for cells of type $lut.
Using template $paramod$9b838c149495a6581d13a3f659e81e38193a62d0\$lut for cells of type $lut.
Using template $paramod$571404c0889eaf57f492cb5e37f8acb5df5852f9\$lut for cells of type $lut.
Using template $paramod$b4d0f4738a5ce50c7f36c2aa2ecc09cfb874f2b6\$lut for cells of type $lut.
Using template $paramod$1de00379bc083860dd48655e394d19b7f1059169\$lut for cells of type $lut.
Using template $paramod\$lut\WIDTH=32'00000000000000000000000000000011\LUT=8'10001111 for cells of type $lut.
Using template $paramod$b4f1e5381dcacf3009c820ad24d9dd98ebbc0254\$lut for cells of type $lut.
Using template $paramod$d536a8c142ae983cb20af10cfebaf51a1b83165b\$lut for cells of type $lut.
Using template $paramod$9664483609d9e726df9697364de1aad825ad3979\$lut for cells of type $lut.
Using template $paramod$0b06f3db16bf9a1539c4247eefc7c50ae683dc55\$lut for cells of type $lut.
Using template $paramod$551bbfda4067dfbcd47039a11f4f34f97ee41406\$lut for cells of type $lut.
Using template $paramod$ad18725890a69c754dcb5f40913d0326fa50d7cd\$lut for cells of type $lut.
Using template $paramod$8ac2ac990707283e11e9211166f4ce3292fdc641\$lut for cells of type $lut.
Using template $paramod$195eaf0ab5191949dbb0f5f7c63fdd30a96bb400\$lut for cells of type $lut.
Using template $paramod$bf0d0292861bdee659ef5cbc5e58b330ac5871f9\$lut for cells of type $lut.
Using template $paramod$609e5885ea60a39b5435e9a0b9279380a4141328\$lut for cells of type $lut.
Using template $paramod$a2b4ddfa3906001b2ef9f2414d79c3048f2a3a6e\$lut for cells of type $lut.
Using template $paramod$6b866d7dd68398b38813873e4274c39b671c1e72\$lut for cells of type $lut.
Using template $paramod$d738a7b2c2c8fea5b780fe210799d4e8c5325727\$lut for cells of type $lut.
Using template $paramod$9867346ec1454fd82f72c1b215880e2b0b459190\$lut for cells of type $lut.
Using template $paramod$2ae4ff41c7b221ea06a26baf8c69c8bf452716f6\$lut for cells of type $lut.
Using template $paramod$bd37f918ad560b8c87afe4a2c5ddf52f5f464cb0\$lut for cells of type $lut.
Using template $paramod$87112c7d511269df645aa80f0e41752d7498bc47\$lut for cells of type $lut.
Using template $paramod$3a32a7587b9f95b908af04fb9b75cd3eae00b58e\$lut for cells of type $lut.
Using template $paramod$430a92ab2b06486a93bff6170101eb3b684901d1\$lut for cells of type $lut.
Using template $paramod$054923944b4e66e2dda014ae76941bd62bf179da\$lut for cells of type $lut.
Using template $paramod$a2161e0ff63473b956f010bd464c962bfbfde455\$lut for cells of type $lut.
Using template $paramod$ecc8f136f6aed415e047a0ef706f98ca5d1ce334\$lut for cells of type $lut.
Using template $paramod$e4e96a5dece796d779288739da28d0f9a19e7c8a\$lut for cells of type $lut.
Using template $paramod$38eb41627b73166bbe454e6a54f14d2c3bea9c81\$lut for cells of type $lut.
Using template $paramod$dd36dd92a9754daf319b2823a15176320acc5f91\$lut for cells of type $lut.
Using template $paramod$458b1cecdb3d4504a1ba8125c1191503a534a8eb\$lut for cells of type $lut.
Using template $paramod$ffd13d8f135d5253c7565faae38cd586639f9cae\$lut for cells of type $lut.
Using template $paramod$0dd9d789a2a2e6d3f3b7c7d813f2eec2821fced3\$lut for cells of type $lut.
Using template $paramod$4a3d1b9e8a0767c5f9f36d1bdfe837b8bb96b210\$lut for cells of type $lut.
Using template $paramod$7486ffe51b25e3bb79f13b605cf9877f51fe269c\$lut for cells of type $lut.
Using template $paramod$f795e832a275d5dbfc1cb20d462f5c213ef3a66f\$lut for cells of type $lut.
Using template $paramod$692927e279b3d5c42ee4aacb287247c0b34943ed\$lut for cells of type $lut.
Using template $paramod$c1a0f46ddd5a51215bbe9731e48c13d0c6a44b76\$lut for cells of type $lut.
Using template $paramod$48cad7901a4346f603e48200a304840e0c5d10be\$lut for cells of type $lut.
Using template $paramod$f8b3b5d21f91ff28e946e75efde75e0e569f7815\$lut for cells of type $lut.
Using template $paramod$7444f4c942f54cd75b24aca934492b6d6000e5e1\$lut for cells of type $lut.
Using template $paramod$6f32b880c9dd6d42706c7b27b53f93933f1b0c8e\$lut for cells of type $lut.
Using template $paramod$922c9d51250447408e4eb21c37593ddfd4cdfd12\$lut for cells of type $lut.
Using template $paramod$4b6d71ecc8170bfacf38b3b71c1a9b261b163b05\$lut for cells of type $lut.
Using template $paramod$297018bced03198c19400b9e7e29dddd80d43434\$lut for cells of type $lut.
Using template $paramod$ce41034360bc284592ff4e97843504e4c1f69c8e\$lut for cells of type $lut.
Using template $paramod$ff3b04fc04a5df84a70499147f6a962e56652ac9\$lut for cells of type $lut.
Using template $paramod$fc2b5519b242fc4878a114aaab3e1ba68f7448bc\$lut for cells of type $lut.
Using template $paramod$00917ff2fabe55bff0d79e0b5bea70d23a3d20b1\$lut for cells of type $lut.
Using template $paramod$8fe1172215970c5cfaa06557ac89463d76ef7f31\$lut for cells of type $lut.
Using template $paramod$e9665c5efadaba6f958762b7b0914e6e34ad07f9\$lut for cells of type $lut.
Using template $paramod$a69529deb9c83e2503d100dd52fae8337759bb8e\$lut for cells of type $lut.
Using template $paramod$207099d478b82ebfacdda06ef98cf8ba1a3ca374\$lut for cells of type $lut.
Using template $paramod$cc32a05866f608aca38637d6c7ba9e5d077e8484\$lut for cells of type $lut.
Using template $paramod$26418e4cc847f26c2ea3cf281110dcc7e350dcca\$lut for cells of type $lut.
Using template $paramod$80410a7eb775bcda9aec600bfec7cd2c6220d3c3\$lut for cells of type $lut.
Using template $paramod$cf28b4874578a2a0a2127cac6d0c84505b9ed92f\$lut for cells of type $lut.
Using template $paramod$0156c4dbde93eb28013570dfe74de4bd00dd7eff\$lut for cells of type $lut.
Using template $paramod$10f9ec10907e3614f4091bb6c69006195a5f5733\$lut for cells of type $lut.
Using template $paramod$f25ae0d655bf0d7a0af97c0c90d4486133c793c5\$lut for cells of type $lut.
Using template $paramod$de78dfab5faeb3b19c8c4475b9473a96175ad8b4\$lut for cells of type $lut.
Using template $paramod$b6f9cb1c9fddc015cfe3e4eaf30744db84517e06\$lut for cells of type $lut.
Using template $paramod$8167ba94ce14afa253ce3cc8800786dfa07ba1cb\$lut for cells of type $lut.
Using template $paramod$d25727babb2a012b39f3dbe41638b3490e1013c8\$lut for cells of type $lut.
Using template $paramod$ede761341368efd53bcaebaec83bbf67ed9dec7f\$lut for cells of type $lut.
Using template $paramod$d062e4f0d96c4f2eeba04fe7c109e2a936524446\$lut for cells of type $lut.
Using template $paramod$62a13cf862c5a41622ac53b969d09acfb3da2813\$lut for cells of type $lut.
Using template $paramod$fc3e84eda185f2364831090ed0bb57f4207651f5\$lut for cells of type $lut.
Using template $paramod$afa5cc7ea02a0d78eb9b9c5845e7d58bfc9b0205\$lut for cells of type $lut.
Using template $paramod$f9e86ea65bec101b035781a93ff96bf8ca2f650f\$lut for cells of type $lut.
Using template $paramod$a12f95c32b5a23d79018bbf9562b8711b7a1ad13\$lut for cells of type $lut.
Using template $paramod$0fb20edab072b1f5ea1047c6c77b91c66b8a367e\$lut for cells of type $lut.
Using template $paramod$b2d79b00666d0efd36cfc9314384f84aaa774a4c\$lut for cells of type $lut.
Using template $paramod$1f939e7c492df322a570a3b15edfa11bed68bc44\$lut for cells of type $lut.
Using template $paramod$98ea2a50a3ce5cc32ae7342411658e8dd20deb67\$lut for cells of type $lut.
Using template $paramod$6a9e6a7be18da3b2738a3c440c25aefc246735de\$lut for cells of type $lut.
Using template $paramod$826d0afc32ae9813cb509812fbacfc30d3c8eebd\$lut for cells of type $lut.
Using template $paramod$e3903ec20770a7b59c7ad2413836f1b5c467cedb\$lut for cells of type $lut.
Using template $paramod$293844410263aba65a1bd6585913bafbb05212f4\$lut for cells of type $lut.
Using template $paramod$f6e38361e06f879961f5a6215fa3730a4bf62c2c\$lut for cells of type $lut.
Using template $paramod$6ac63e260ac9358393ce55a25a74c7e990c673c3\$lut for cells of type $lut.
Using template $paramod$f8456c44535615e248014922cce922d6ba73be3b\$lut for cells of type $lut.
Using template $paramod$1fc24f04c9d167ae205e81437168472c81ec935a\$lut for cells of type $lut.
Using template $paramod$02505f5b229549936a6ba6e8481e5156eec0247f\$lut for cells of type $lut.
Using template $paramod$e894218c812d611fb11e02373e450bd0d86d2e01\$lut for cells of type $lut.
Using template $paramod$87f463b6a2b969f61ba41a329d99b50cca2c32c6\$lut for cells of type $lut.
Using template $paramod$61bc98ece8c76bffd4acdf40e5f231340cba90fc\$lut for cells of type $lut.
Using template $paramod$734cb5d7d83659ae4da13abb9e04fafa8dc19119\$lut for cells of type $lut.
Using template $paramod$584dea19bbae15a1ef13be362b536df351402a91\$lut for cells of type $lut.
Using template $paramod$93b5f6e7db8efb1537b79dfc1f663f0f74aa48c7\$lut for cells of type $lut.
Using template $paramod$ac5104b0f31e073ac445859404a5ecbcf6edcff5\$lut for cells of type $lut.
Using template $paramod$95109a62fea23d1738324748c3fbb67f85edd1de\$lut for cells of type $lut.
Using template $paramod$b19846ef51b9964dadba1ada32fb04c74dad7903\$lut for cells of type $lut.
Using template $paramod$5ce29a5421e7b5fc683a1c7bbbc2bf46f2a727da\$lut for cells of type $lut.
Using template $paramod$18d933f085b406aa33d4bbf7ebf11430c583d1e9\$lut for cells of type $lut.
Using template $paramod$cef5d3958ab64c02e4880553d4ca20b5707ff190\$lut for cells of type $lut.
Using template $paramod$855f23e45a7beea2204f9e477a9aed1518323e04\$lut for cells of type $lut.
Using template $paramod$b4883665f3cef7c743c6747d129c5a7bd18191f7\$lut for cells of type $lut.
Using template $paramod$0bfaa34ef6d5b8c233add8f10ba847a550719cf0\$lut for cells of type $lut.
Using template $paramod$c0bf24b778487013bd8e0c2cb789cf7dc6626706\$lut for cells of type $lut.
Using template $paramod$8a61ee3b0156cb87628487efd2bd8987a3d12193\$lut for cells of type $lut.
Using template $paramod$a964f8ed466638f11766930007624f9261481a37\$lut for cells of type $lut.
Using template $paramod$18e2f24662528c48ef14148fcf37cef190e2f5f3\$lut for cells of type $lut.
Using template $paramod$6d47b086c0c6751640fdcbc4ea002fa585a23b17\$lut for cells of type $lut.
Using template $paramod$66a6dcc10725e4ac1083ccf27e0d8f49e2c645ce\$lut for cells of type $lut.
Using template $paramod$a305c1f27ac12036e1ee053f6f465794d7c5c73c\$lut for cells of type $lut.
Using template $paramod$409c4097513d24698dea0a41adaef88fb5763b1b\$lut for cells of type $lut.
Using template $paramod$33b8c09e62faceb5a5bfa3a5a0eb8d71391e0ebe\$lut for cells of type $lut.
Using template $paramod$fd65618cfe724b012d4cd9dc0432493a46328fd0\$lut for cells of type $lut.
Using template $paramod$c35f1a48371d24f258e7f9d0539656fd2e06b622\$lut for cells of type $lut.
Using template $paramod$3aac200b1ee408e2209f36da43590d012f3b4c43\$lut for cells of type $lut.
Using template $paramod$882cbe7d6315d9010455da05d483de0d678a30e0\$lut for cells of type $lut.
Using template $paramod$a6486c959d4248a95ea4a68b28e721d2c1eb7c23\$lut for cells of type $lut.
Using template $paramod$06c5b91df966eedbdde528924773768398c0808c\$lut for cells of type $lut.
Using template $paramod$fe2ccc9771c7f3621af3392ea69c0322e13310d4\$lut for cells of type $lut.
Using template $paramod$af9b0811485c5cf2b776b11be7d0128fa5c96652\$lut for cells of type $lut.
Using template $paramod$76a8ef4801e4adce8b30f917406a4936e15b0782\$lut for cells of type $lut.
Using template $paramod$c9a6e0b6d014125350c508ac59e8520e6c27ccf1\$lut for cells of type $lut.
Using template $paramod$dd005dbbf9677582c84cd53ff4b2fa3f2e4e090c\$lut for cells of type $lut.
Using template $paramod$cc3f23f0a1bea43ea1e96ec4cf7aac62a155ab8d\$lut for cells of type $lut.
Using template $paramod$3efced5b0104dbb9b4f072bf9aad403e52199d01\$lut for cells of type $lut.
Using template $paramod$4d3cfc8932755870b76a7a09ad519aa2bf6b7af5\$lut for cells of type $lut.
Using template $paramod$ccded34aac7b2dd220bfef13cfddae946f9bd96f\$lut for cells of type $lut.
Using template $paramod$aaf046cbd9c42e749739b9fc1cc7ded6813fe6d9\$lut for cells of type $lut.
Using template $paramod$1adff45e5120d7d990198547e82db72b9dc40c37\$lut for cells of type $lut.
Using template $paramod$ca260995b172aa4c9c5dd2cfd96abcb790c4fdd6\$lut for cells of type $lut.
Using template $paramod$58389980c63f3235c8f8122d952d60e88e8ccdf8\$lut for cells of type $lut.
Using template $paramod$276082fc154c041363616334fabfb35863499558\$lut for cells of type $lut.
Using template $paramod$9c83190cb7e48bb3a6ae53b261370c80c7b95001\$lut for cells of type $lut.
Using template $paramod$d5704f4493d38b8f4e498edb8e1fdbc20dfc8125\$lut for cells of type $lut.
Using template $paramod$4fecd6f048c13201e253aa7a8c8071b66ae8f69c\$lut for cells of type $lut.
Using template $paramod$693b2706ca522f5849d7240532881f8f08ca2f8d\$lut for cells of type $lut.
Using template $paramod$a6f18fa785395a4161e7b70c1e07b2fdfe1fdd6f\$lut for cells of type $lut.
Using template $paramod$8967b35721e3d8ecb95df2ced45e8e8ce3963fc9\$lut for cells of type $lut.
Using template $paramod$7f3617f4b24dd2e899782b88617aab9578e70e0f\$lut for cells of type $lut.
Using template $paramod$9b5a0426f4dd80880be4a4ab01b890e342541ec5\$lut for cells of type $lut.
Using template $paramod$046a5db6e2128c10c2c381880876e6b9b83e2611\$lut for cells of type $lut.
Using template $paramod$e7c37d42fcc84311ada351075982ddd0d16d55e4\$lut for cells of type $lut.
Using template $paramod$196d00b447db0a54513f1a3d9f888d89b7a2a5b2\$lut for cells of type $lut.
Using template $paramod$6240a0bbc4ec6ae8c18bc0d076498f3fc7c41a21\$lut for cells of type $lut.
Using template $paramod$556289bcc30228b7a0c16a4d153eb796198f4fc1\$lut for cells of type $lut.
Using template $paramod$c53232beda7fef56b39ae80d6ee86dcca58b5c4e\$lut for cells of type $lut.
Using template $paramod$882f7daec3c4a19be2abad333277fbf389d8b123\$lut for cells of type $lut.
Using template $paramod$6d61b004e253a612d047a5fefe65f4f43c691b2c\$lut for cells of type $lut.
Using template $paramod$15e465e947aa87c07d3af9c64951debe4d4f6075\$lut for cells of type $lut.
Using template $paramod$88590503c0a9d8c8efca8da7beec596fc73c5305\$lut for cells of type $lut.
Using template $paramod$7d747fdc6cc67d89e68f008e3c4dc736e21dd2b9\$lut for cells of type $lut.
Using template $paramod$04ae10f7d848c17f6abdd4c00ba30939b2cb4eb5\$lut for cells of type $lut.
Using template $paramod$64ddb66d90973b1ca457b72af7e175fbaf239dae\$lut for cells of type $lut.
Using template $paramod$56641f235d6d6a5ce81e97a057c5205b001dbfcb\$lut for cells of type $lut.
Using template $paramod$556b09ba407690ff0e77600ca6a9ea128d7226f2\$lut for cells of type $lut.
Using template $paramod$91155ba6fe8dd64ab08026ed7c7af7fd09871b70\$lut for cells of type $lut.
Using template $paramod$136f3a262dfc7da323dcf69a9090810c7e487a66\$lut for cells of type $lut.
Using template $paramod$75eda58f62284d9b1f70c43ea12a946492d039b2\$lut for cells of type $lut.
Using template $paramod$56a95910675209e9ef42eff73c780c4d493ae003\$lut for cells of type $lut.
Using template $paramod$276441bfa9e9fba972a93990cf3d4daecb79c803\$lut for cells of type $lut.
Using template $paramod$2b57d0e3e8212197cc22968c82b3a63399ef9d9c\$lut for cells of type $lut.
Using template $paramod$09a001b35ae5c43dbf4f7bff57e62a336258d0e0\$lut for cells of type $lut.
Using template $paramod$e9a7d56bc5a8fb7a976c3d0dd27505e2ce63e33d\$lut for cells of type $lut.
Using template $paramod$30898eb0bc86cab2371acd5c5984a4d2c4690cf9\$lut for cells of type $lut.
Using template $paramod$33ef3bb5ae695fec43541c5bd4976771b761c7f6\$lut for cells of type $lut.
Using template $paramod$41830bd53c6ed5b0cde14be5b7e6874ea2d99b98\$lut for cells of type $lut.
Using template $paramod$2acc56796dae1e7bbd8d34441a24f749523f3d30\$lut for cells of type $lut.
Using template $paramod$a95aeb58822b83840ad0d33221e28b316b409b83\$lut for cells of type $lut.
Using template $paramod$71a575857954f2799ce4ab47fd422e9a5f385f0e\$lut for cells of type $lut.
Using template $paramod$50e19e0e60d4135b10e3942acbecde9609be653f\$lut for cells of type $lut.
Using template $paramod$2fce62c67413630166512ed5ea867e4dc08dc814\$lut for cells of type $lut.
Using template $paramod$f7defcd573066404c868253de2933d1a602e19fd\$lut for cells of type $lut.
Using template $paramod$09dbe61e58773048a674851ccc0b491df7fd71e3\$lut for cells of type $lut.
Using template $paramod$32d61220c5248c8d9a1a02f4b472599ab2dd8920\$lut for cells of type $lut.
Using template $paramod$1387b8cea9990b8b1f0b9cb678763f05f0283b85\$lut for cells of type $lut.
Using template $paramod$93fad86b93630519b724b38379e05ca19e0bd207\$lut for cells of type $lut.
Using template $paramod$d367e05a0861acf121235994a4fff23da56c8723\$lut for cells of type $lut.
Using template $paramod$a0cf25a462775f827a095ab1cfae41bffe2a7b04\$lut for cells of type $lut.
Using template $paramod$8461a38da2644081983cd5b082d7f6c55a8dc5b7\$lut for cells of type $lut.
Using template $paramod$e1c2836e94ec58b0ec41ea79c9b80d3827e0efa9\$lut for cells of type $lut.
Using template $paramod$6af023d04780a6b54e8dd53dc6126bcf1a45e79b\$lut for cells of type $lut.
Using template $paramod$d1374dd64afd8f03c51bc71ea5f77235e72d5eab\$lut for cells of type $lut.
No more expansions possible.
<suppressed ~4665 debug messages>

11.23. Executing OPT_LUT_INS pass (discard unused LUT inputs).
Optimizing LUTs in top.
  Optimizing lut $abc$5075$auto$blifparse.cc:525:parse_blif$5237.genblk1.genblk1.genblk1.genblk1.genblk1.genblk1.genblk1.genblk1.lut0.genblk1.genblk1.genblk1.genblk1.genblk1.genblk1.genblk1.lut0.genblk1.genblk1.genblk1.genblk1.genblk1.genblk1.lut1.genblk1.genblk1.genblk1.genblk1.genblk1.lut0 (4 -> 0)
  Optimizing lut $abc$5075$auto$blifparse.cc:525:parse_blif$5235.genblk1.genblk1.genblk1.genblk1.genblk1.genblk1.genblk1.lut0.genblk1.genblk1.genblk1.genblk1.genblk1.genblk1.lut0.genblk1.genblk1.genblk1.genblk1.genblk1.lut1 (4 -> 0)
  Optimizing lut $abc$5075$auto$blifparse.cc:525:parse_blif$5114.genblk1.genblk1.genblk1.genblk1.genblk1.genblk1.genblk1.genblk1.lut1.genblk1.genblk1.genblk1.genblk1.genblk1.genblk1.genblk1.lut1.genblk1.genblk1.genblk1.genblk1.genblk1.genblk1.lut0.genblk1.genblk1.genblk1.genblk1.genblk1.lut0 (4 -> 0)
  Optimizing lut $abc$5075$auto$blifparse.cc:525:parse_blif$5235.genblk1.genblk1.genblk1.genblk1.genblk1.genblk1.genblk1.lut0.genblk1.genblk1.genblk1.genblk1.genblk1.genblk1.lut0.genblk1.genblk1.genblk1.genblk1.genblk1.lut0 (4 -> 0)
  Optimizing lut $abc$5075$auto$blifparse.cc:525:parse_blif$5096.genblk1.genblk1.genblk1.genblk1.genblk1.genblk1.genblk1.lut1.genblk1.genblk1.genblk1.genblk1.genblk1.genblk1.lut0.genblk1.genblk1.genblk1.genblk1.genblk1.lut0 (4 -> 0)
  Optimizing lut $abc$5075$auto$blifparse.cc:525:parse_blif$5211.genblk1.genblk1.genblk1.genblk1.genblk1.genblk1.genblk1.lut0.genblk1.genblk1.genblk1.genblk1.genblk1.genblk1.lut1.genblk1.genblk1.genblk1.genblk1.genblk1.lut1 (4 -> 2)
  Optimizing lut $abc$5075$auto$blifparse.cc:525:parse_blif$5237.genblk1.genblk1.genblk1.genblk1.genblk1.genblk1.genblk1.genblk1.lut1.genblk1.genblk1.genblk1.genblk1.genblk1.genblk1.genblk1.lut0.genblk1.genblk1.genblk1.genblk1.genblk1.genblk1.lut0.genblk1.genblk1.genblk1.genblk1.genblk1.lut0 (4 -> 1)
  Optimizing lut $abc$5075$auto$blifparse.cc:525:parse_blif$5237.genblk1.genblk1.genblk1.genblk1.genblk1.genblk1.genblk1.genblk1.lut1.genblk1.genblk1.genblk1.genblk1.genblk1.genblk1.genblk1.lut1.genblk1.genblk1.genblk1.genblk1.genblk1.genblk1.lut1.genblk1.genblk1.genblk1.genblk1.genblk1.lut0 (4 -> 1)
  Optimizing lut $abc$5075$auto$blifparse.cc:525:parse_blif$5151.genblk1.genblk1.genblk1.genblk1.genblk1.genblk1.genblk1.genblk1.lut1.genblk1.genblk1.genblk1.genblk1.genblk1.genblk1.genblk1.lut1.genblk1.genblk1.genblk1.genblk1.genblk1.genblk1.lut1.genblk1.genblk1.genblk1.genblk1.genblk1.lut0 (4 -> 0)
  Optimizing lut $abc$5075$auto$blifparse.cc:525:parse_blif$5112.genblk1.genblk1.genblk1.genblk1.genblk1.genblk1.genblk1.genblk1.lut0.genblk1.genblk1.genblk1.genblk1.genblk1.genblk1.genblk1.lut1.genblk1.genblk1.genblk1.genblk1.genblk1.genblk1.lut1.genblk1.genblk1.genblk1.genblk1.genblk1.lut0 (4 -> 1)
  Optimizing lut $abc$5075$auto$blifparse.cc:525:parse_blif$5211.genblk1.genblk1.genblk1.genblk1.genblk1.genblk1.genblk1.lut0.genblk1.genblk1.genblk1.genblk1.genblk1.genblk1.lut0.genblk1.genblk1.genblk1.genblk1.genblk1.lut1 (4 -> 2)
  Optimizing lut $abc$5075$auto$blifparse.cc:525:parse_blif$5211.genblk1.genblk1.genblk1.genblk1.genblk1.genblk1.genblk1.lut0.genblk1.genblk1.genblk1.genblk1.genblk1.genblk1.lut0.genblk1.genblk1.genblk1.genblk1.genblk1.lut0 (4 -> 0)
  Optimizing lut $abc$5075$auto$blifparse.cc:525:parse_blif$5243.genblk1.genblk1.genblk1.genblk1.genblk1.genblk1.genblk1.lut1.genblk1.genblk1.genblk1.genblk1.genblk1.genblk1.lut1.genblk1.genblk1.genblk1.genblk1.genblk1.lut1 (4 -> 2)
  Optimizing lut $abc$5075$auto$blifparse.cc:525:parse_blif$5151.genblk1.genblk1.genblk1.genblk1.genblk1.genblk1.genblk1.genblk1.lut0.genblk1.genblk1.genblk1.genblk1.genblk1.genblk1.genblk1.lut1.genblk1.genblk1.genblk1.genblk1.genblk1.genblk1.lut0.genblk1.genblk1.genblk1.genblk1.genblk1.lut0 (4 -> 0)
  Optimizing lut $abc$5075$auto$blifparse.cc:525:parse_blif$5098.genblk1.genblk1.genblk1.genblk1.genblk1.genblk1.genblk1.lut0.genblk1.genblk1.genblk1.genblk1.genblk1.genblk1.lut1.genblk1.genblk1.genblk1.genblk1.genblk1.lut1 (4 -> 2)
  Optimizing lut $abc$5075$auto$blifparse.cc:525:parse_blif$5226.genblk1.genblk1.genblk1.genblk1.genblk1.genblk1.genblk1.genblk1.lut1.genblk1.genblk1.genblk1.genblk1.genblk1.genblk1.genblk1.lut0.genblk1.genblk1.genblk1.genblk1.genblk1.genblk1.lut1.genblk1.genblk1.genblk1.genblk1.genblk1.lut0 (4 -> 1)
  Optimizing lut $abc$5075$auto$blifparse.cc:525:parse_blif$5113.genblk1.genblk1.genblk1.genblk1.genblk1.genblk1.genblk1.lut1.genblk1.genblk1.genblk1.genblk1.genblk1.genblk1.lut0.genblk1.genblk1.genblk1.genblk1.genblk1.lut1 (4 -> 0)
  Optimizing lut $abc$5075$auto$blifparse.cc:525:parse_blif$5226.genblk1.genblk1.genblk1.genblk1.genblk1.genblk1.genblk1.genblk1.lut1.genblk1.genblk1.genblk1.genblk1.genblk1.genblk1.genblk1.lut0.genblk1.genblk1.genblk1.genblk1.genblk1.genblk1.lut0.genblk1.genblk1.genblk1.genblk1.genblk1.lut0 (4 -> 1)
  Optimizing lut $abc$5075$auto$blifparse.cc:525:parse_blif$5243.genblk1.genblk1.genblk1.genblk1.genblk1.genblk1.genblk1.lut0.genblk1.genblk1.genblk1.genblk1.genblk1.genblk1.lut1.genblk1.genblk1.genblk1.genblk1.genblk1.lut1 (4 -> 2)
  Optimizing lut $abc$5075$auto$blifparse.cc:525:parse_blif$5204.genblk1.genblk1.genblk1.genblk1.genblk1.genblk1.genblk1.genblk1.lut0.genblk1.genblk1.genblk1.genblk1.genblk1.genblk1.genblk1.lut0.genblk1.genblk1.genblk1.genblk1.genblk1.genblk1.lut1.genblk1.genblk1.genblk1.genblk1.genblk1.lut0 (4 -> 0)
  Optimizing lut $abc$5075$auto$blifparse.cc:525:parse_blif$5245.genblk1.genblk1.genblk1.genblk1.genblk1.genblk1.genblk1.genblk1.lut0.genblk1.genblk1.genblk1.genblk1.genblk1.genblk1.genblk1.lut0.genblk1.genblk1.genblk1.genblk1.genblk1.genblk1.lut0.genblk1.genblk1.genblk1.genblk1.genblk1.lut0 (4 -> 0)
  Optimizing lut $abc$5075$auto$blifparse.cc:525:parse_blif$5245.genblk1.genblk1.genblk1.genblk1.genblk1.genblk1.genblk1.genblk1.lut0.genblk1.genblk1.genblk1.genblk1.genblk1.genblk1.genblk1.lut1.genblk1.genblk1.genblk1.genblk1.genblk1.genblk1.lut0.genblk1.genblk1.genblk1.genblk1.genblk1.lut0 (4 -> 0)
  Optimizing lut $abc$5075$auto$blifparse.cc:525:parse_blif$5211.genblk1.genblk1.genblk1.genblk1.genblk1.genblk1.genblk1.lut1.genblk1.genblk1.genblk1.genblk1.genblk1.genblk1.lut1.genblk1.genblk1.genblk1.genblk1.genblk1.lut0 (4 -> 1)
  Optimizing lut $abc$5075$auto$blifparse.cc:525:parse_blif$5211.genblk1.genblk1.genblk1.genblk1.genblk1.genblk1.genblk1.lut1.genblk1.genblk1.genblk1.genblk1.genblk1.genblk1.lut0.genblk1.genblk1.genblk1.genblk1.genblk1.lut1 (4 -> 2)
  Optimizing lut $abc$5075$auto$blifparse.cc:525:parse_blif$5114.genblk1.genblk1.genblk1.genblk1.genblk1.genblk1.genblk1.genblk1.lut0.genblk1.genblk1.genblk1.genblk1.genblk1.genblk1.genblk1.lut0.genblk1.genblk1.genblk1.genblk1.genblk1.genblk1.lut0.genblk1.genblk1.genblk1.genblk1.genblk1.lut0 (4 -> 0)
  Optimizing lut $abc$5075$auto$blifparse.cc:525:parse_blif$5245.genblk1.genblk1.genblk1.genblk1.genblk1.genblk1.genblk1.genblk1.lut1.genblk1.genblk1.genblk1.genblk1.genblk1.genblk1.genblk1.lut0.genblk1.genblk1.genblk1.genblk1.genblk1.genblk1.lut0.genblk1.genblk1.genblk1.genblk1.genblk1.lut0 (4 -> 0)
  Optimizing lut $abc$5075$auto$blifparse.cc:525:parse_blif$5209.genblk1.genblk1.genblk1.genblk1.genblk1.genblk1.genblk1.lut0.genblk1.genblk1.genblk1.genblk1.genblk1.genblk1.lut0.genblk1.genblk1.genblk1.genblk1.genblk1.lut1 (4 -> 2)
  Optimizing lut $abc$5075$auto$blifparse.cc:525:parse_blif$5209.genblk1.genblk1.genblk1.genblk1.genblk1.genblk1.genblk1.lut0.genblk1.genblk1.genblk1.genblk1.genblk1.genblk1.lut1.genblk1.genblk1.genblk1.genblk1.genblk1.lut0 (4 -> 0)
  Optimizing lut $abc$5075$auto$blifparse.cc:525:parse_blif$5209.genblk1.genblk1.genblk1.genblk1.genblk1.genblk1.genblk1.lut1.genblk1.genblk1.genblk1.genblk1.genblk1.genblk1.lut0.genblk1.genblk1.genblk1.genblk1.genblk1.lut0 (4 -> 0)
  Optimizing lut $abc$5075$auto$blifparse.cc:525:parse_blif$5209.genblk1.genblk1.genblk1.genblk1.genblk1.genblk1.genblk1.lut1.genblk1.genblk1.genblk1.genblk1.genblk1.genblk1.lut1.genblk1.genblk1.genblk1.genblk1.genblk1.lut0 (4 -> 1)
  Optimizing lut $abc$5075$auto$blifparse.cc:525:parse_blif$5245.genblk1.genblk1.genblk1.genblk1.genblk1.genblk1.genblk1.genblk1.lut1.genblk1.genblk1.genblk1.genblk1.genblk1.genblk1.genblk1.lut1.genblk1.genblk1.genblk1.genblk1.genblk1.genblk1.lut1.genblk1.genblk1.genblk1.genblk1.genblk1.lut0 (4 -> 0)
  Optimizing lut $abc$5075$auto$blifparse.cc:525:parse_blif$5245.genblk1.genblk1.genblk1.genblk1.genblk1.genblk1.genblk1.genblk1.lut1.genblk1.genblk1.genblk1.genblk1.genblk1.genblk1.genblk1.lut1.genblk1.genblk1.genblk1.genblk1.genblk1.genblk1.lut0.genblk1.genblk1.genblk1.genblk1.genblk1.lut0 (4 -> 0)
  Optimizing lut $abc$5075$auto$blifparse.cc:525:parse_blif$5239.genblk1.genblk1.genblk1.genblk1.genblk1.genblk1.genblk1.genblk1.lut1.genblk1.genblk1.genblk1.genblk1.genblk1.genblk1.genblk1.lut0.genblk1.genblk1.genblk1.genblk1.genblk1.genblk1.lut0.genblk1.genblk1.genblk1.genblk1.genblk1.lut0 (4 -> 1)
  Optimizing lut $abc$5075$auto$blifparse.cc:525:parse_blif$5227.genblk1.genblk1.genblk1.genblk1.genblk1.genblk1.genblk1.lut0.genblk1.genblk1.genblk1.genblk1.genblk1.genblk1.lut1.genblk1.genblk1.genblk1.genblk1.genblk1.lut1 (4 -> 0)
  Optimizing lut $abc$5075$auto$blifparse.cc:525:parse_blif$5239.genblk1.genblk1.genblk1.genblk1.genblk1.genblk1.genblk1.genblk1.lut1.genblk1.genblk1.genblk1.genblk1.genblk1.genblk1.genblk1.lut0.genblk1.genblk1.genblk1.genblk1.genblk1.genblk1.lut1.genblk1.genblk1.genblk1.genblk1.genblk1.lut0 (4 -> 1)
  Optimizing lut $abc$5075$auto$blifparse.cc:525:parse_blif$5227.genblk1.genblk1.genblk1.genblk1.genblk1.genblk1.genblk1.lut0.genblk1.genblk1.genblk1.genblk1.genblk1.genblk1.lut1.genblk1.genblk1.genblk1.genblk1.genblk1.lut0 (4 -> 0)
  Optimizing lut $abc$5075$auto$blifparse.cc:525:parse_blif$5248.genblk1.genblk1.genblk1.genblk1.genblk1.genblk1.genblk1.lut0.genblk1.genblk1.genblk1.genblk1.genblk1.genblk1.lut0.genblk1.genblk1.genblk1.genblk1.genblk1.lut1 (4 -> 0)
  Optimizing lut $abc$5075$auto$blifparse.cc:525:parse_blif$5204.genblk1.genblk1.genblk1.genblk1.genblk1.genblk1.genblk1.genblk1.lut0.genblk1.genblk1.genblk1.genblk1.genblk1.genblk1.genblk1.lut0.genblk1.genblk1.genblk1.genblk1.genblk1.genblk1.lut0.genblk1.genblk1.genblk1.genblk1.genblk1.lut0 (4 -> 0)
  Optimizing lut $abc$5075$auto$blifparse.cc:525:parse_blif$5091.genblk1.genblk1.genblk1.genblk1.genblk1.genblk1.genblk1.lut0.genblk1.genblk1.genblk1.genblk1.genblk1.genblk1.lut1.genblk1.genblk1.genblk1.genblk1.genblk1.lut1 (4 -> 0)
  Optimizing lut $abc$5075$auto$blifparse.cc:525:parse_blif$5090.genblk1.genblk1.genblk1.genblk1.genblk1.genblk1.genblk1.lut1.genblk1.genblk1.genblk1.genblk1.genblk1.genblk1.lut0.genblk1.genblk1.genblk1.genblk1.genblk1.lut0 (4 -> 0)
  Optimizing lut $abc$5075$auto$blifparse.cc:525:parse_blif$5242.genblk1.genblk1.genblk1.genblk1.genblk1.genblk1.genblk1.genblk1.lut1.genblk1.genblk1.genblk1.genblk1.genblk1.genblk1.genblk1.lut1.genblk1.genblk1.genblk1.genblk1.genblk1.genblk1.lut1.genblk1.genblk1.genblk1.genblk1.genblk1.lut0 (4 -> 1)
  Optimizing lut $abc$5075$auto$blifparse.cc:525:parse_blif$5242.genblk1.genblk1.genblk1.genblk1.genblk1.genblk1.genblk1.genblk1.lut1.genblk1.genblk1.genblk1.genblk1.genblk1.genblk1.genblk1.lut1.genblk1.genblk1.genblk1.genblk1.genblk1.genblk1.lut0.genblk1.genblk1.genblk1.genblk1.genblk1.lut0 (4 -> 2)
  Optimizing lut $abc$5075$auto$blifparse.cc:525:parse_blif$5226.genblk1.genblk1.genblk1.genblk1.genblk1.genblk1.genblk1.genblk1.lut0.genblk1.genblk1.genblk1.genblk1.genblk1.genblk1.genblk1.lut1.genblk1.genblk1.genblk1.genblk1.genblk1.genblk1.lut1.genblk1.genblk1.genblk1.genblk1.genblk1.lut0 (4 -> 0)
  Optimizing lut $abc$5075$auto$blifparse.cc:525:parse_blif$5226.genblk1.genblk1.genblk1.genblk1.genblk1.genblk1.genblk1.genblk1.lut0.genblk1.genblk1.genblk1.genblk1.genblk1.genblk1.genblk1.lut1.genblk1.genblk1.genblk1.genblk1.genblk1.genblk1.lut0.genblk1.genblk1.genblk1.genblk1.genblk1.lut0 (4 -> 0)
  Optimizing lut $abc$5075$auto$blifparse.cc:525:parse_blif$5226.genblk1.genblk1.genblk1.genblk1.genblk1.genblk1.genblk1.genblk1.lut0.genblk1.genblk1.genblk1.genblk1.genblk1.genblk1.genblk1.lut0.genblk1.genblk1.genblk1.genblk1.genblk1.genblk1.lut1.genblk1.genblk1.genblk1.genblk1.genblk1.lut0 (4 -> 0)
  Optimizing lut $abc$5075$auto$blifparse.cc:525:parse_blif$5226.genblk1.genblk1.genblk1.genblk1.genblk1.genblk1.genblk1.genblk1.lut0.genblk1.genblk1.genblk1.genblk1.genblk1.genblk1.genblk1.lut0.genblk1.genblk1.genblk1.genblk1.genblk1.genblk1.lut0.genblk1.genblk1.genblk1.genblk1.genblk1.lut0 (4 -> 0)
  Optimizing lut $abc$5075$auto$blifparse.cc:525:parse_blif$5246.genblk1.genblk1.genblk1.genblk1.genblk1.genblk1.genblk1.genblk1.lut0.genblk1.genblk1.genblk1.genblk1.genblk1.genblk1.genblk1.lut0.genblk1.genblk1.genblk1.genblk1.genblk1.genblk1.lut1.genblk1.genblk1.genblk1.genblk1.genblk1.lut0 (4 -> 0)
  Optimizing lut $abc$5075$auto$blifparse.cc:525:parse_blif$5246.genblk1.genblk1.genblk1.genblk1.genblk1.genblk1.genblk1.genblk1.lut0.genblk1.genblk1.genblk1.genblk1.genblk1.genblk1.genblk1.lut0.genblk1.genblk1.genblk1.genblk1.genblk1.genblk1.lut0.genblk1.genblk1.genblk1.genblk1.genblk1.lut0 (4 -> 0)
  Optimizing lut $abc$5075$auto$blifparse.cc:525:parse_blif$5221.genblk1.genblk1.genblk1.genblk1.genblk1.genblk1.genblk1.genblk1.lut0.genblk1.genblk1.genblk1.genblk1.genblk1.genblk1.genblk1.lut0.genblk1.genblk1.genblk1.genblk1.genblk1.genblk1.lut1.genblk1.genblk1.genblk1.genblk1.genblk1.lut0 (4 -> 0)
  Optimizing lut $abc$5075$auto$blifparse.cc:525:parse_blif$5221.genblk1.genblk1.genblk1.genblk1.genblk1.genblk1.genblk1.genblk1.lut0.genblk1.genblk1.genblk1.genblk1.genblk1.genblk1.genblk1.lut0.genblk1.genblk1.genblk1.genblk1.genblk1.genblk1.lut0.genblk1.genblk1.genblk1.genblk1.genblk1.lut0 (4 -> 0)
  Optimizing lut $abc$5075$auto$blifparse.cc:525:parse_blif$5114.genblk1.genblk1.genblk1.genblk1.genblk1.genblk1.genblk1.genblk1.lut0.genblk1.genblk1.genblk1.genblk1.genblk1.genblk1.genblk1.lut1.genblk1.genblk1.genblk1.genblk1.genblk1.genblk1.lut0.genblk1.genblk1.genblk1.genblk1.genblk1.lut0 (4 -> 0)
  Optimizing lut $abc$5075$auto$blifparse.cc:525:parse_blif$5221.genblk1.genblk1.genblk1.genblk1.genblk1.genblk1.genblk1.genblk1.lut0.genblk1.genblk1.genblk1.genblk1.genblk1.genblk1.genblk1.lut1.genblk1.genblk1.genblk1.genblk1.genblk1.genblk1.lut1.genblk1.genblk1.genblk1.genblk1.genblk1.lut0 (4 -> 0)
  Optimizing lut $abc$5075$auto$blifparse.cc:525:parse_blif$5246.genblk1.genblk1.genblk1.genblk1.genblk1.genblk1.genblk1.genblk1.lut1.genblk1.genblk1.genblk1.genblk1.genblk1.genblk1.genblk1.lut1.genblk1.genblk1.genblk1.genblk1.genblk1.genblk1.lut1.genblk1.genblk1.genblk1.genblk1.genblk1.lut0 (4 -> 0)
  Optimizing lut $abc$5075$auto$blifparse.cc:525:parse_blif$5224.genblk1.genblk1.genblk1.genblk1.genblk1.genblk1.genblk1.lut0.genblk1.genblk1.genblk1.genblk1.genblk1.genblk1.lut1.genblk1.genblk1.genblk1.genblk1.genblk1.lut1 (4 -> 0)
  Optimizing lut $abc$5075$auto$blifparse.cc:525:parse_blif$5131.genblk1.genblk1.genblk1.genblk1.genblk1.genblk1.genblk1.genblk1.lut0.genblk1.genblk1.genblk1.genblk1.genblk1.genblk1.genblk1.lut0.genblk1.genblk1.genblk1.genblk1.genblk1.genblk1.lut0.genblk1.genblk1.genblk1.genblk1.genblk1.lut1 (4 -> 0)
  Optimizing lut $abc$5075$auto$blifparse.cc:525:parse_blif$5205.genblk1.genblk1.genblk1.genblk1.genblk1.genblk1.genblk1.genblk1.lut0.genblk1.genblk1.genblk1.genblk1.genblk1.genblk1.genblk1.lut1.genblk1.genblk1.genblk1.genblk1.genblk1.genblk1.lut1.genblk1.genblk1.genblk1.genblk1.genblk1.lut1 (4 -> 0)
  Optimizing lut $abc$5075$auto$blifparse.cc:525:parse_blif$5223.genblk1.genblk1.genblk1.genblk1.genblk1.genblk1.genblk1.genblk1.lut1.genblk1.genblk1.genblk1.genblk1.genblk1.genblk1.genblk1.lut1.genblk1.genblk1.genblk1.genblk1.genblk1.genblk1.lut1.genblk1.genblk1.genblk1.genblk1.genblk1.lut0 (4 -> 1)
  Optimizing lut $abc$5075$auto$blifparse.cc:525:parse_blif$5131.genblk1.genblk1.genblk1.genblk1.genblk1.genblk1.genblk1.genblk1.lut0.genblk1.genblk1.genblk1.genblk1.genblk1.genblk1.genblk1.lut1.genblk1.genblk1.genblk1.genblk1.genblk1.genblk1.lut0.genblk1.genblk1.genblk1.genblk1.genblk1.lut0 (4 -> 2)
  Optimizing lut $abc$5075$auto$blifparse.cc:525:parse_blif$5205.genblk1.genblk1.genblk1.genblk1.genblk1.genblk1.genblk1.genblk1.lut0.genblk1.genblk1.genblk1.genblk1.genblk1.genblk1.genblk1.lut0.genblk1.genblk1.genblk1.genblk1.genblk1.genblk1.lut1.genblk1.genblk1.genblk1.genblk1.genblk1.lut1 (4 -> 0)
  Optimizing lut $abc$5075$auto$blifparse.cc:525:parse_blif$5237.genblk1.genblk1.genblk1.genblk1.genblk1.genblk1.genblk1.genblk1.lut0.genblk1.genblk1.genblk1.genblk1.genblk1.genblk1.genblk1.lut1.genblk1.genblk1.genblk1.genblk1.genblk1.genblk1.lut0.genblk1.genblk1.genblk1.genblk1.genblk1.lut0 (4 -> 0)
  Optimizing lut $abc$5075$auto$blifparse.cc:525:parse_blif$5246.genblk1.genblk1.genblk1.genblk1.genblk1.genblk1.genblk1.genblk1.lut0.genblk1.genblk1.genblk1.genblk1.genblk1.genblk1.genblk1.lut1.genblk1.genblk1.genblk1.genblk1.genblk1.genblk1.lut0.genblk1.genblk1.genblk1.genblk1.genblk1.lut0 (4 -> 0)
  Optimizing lut $abc$5075$auto$blifparse.cc:525:parse_blif$5237.genblk1.genblk1.genblk1.genblk1.genblk1.genblk1.genblk1.genblk1.lut0.genblk1.genblk1.genblk1.genblk1.genblk1.genblk1.genblk1.lut1.genblk1.genblk1.genblk1.genblk1.genblk1.genblk1.lut1.genblk1.genblk1.genblk1.genblk1.genblk1.lut0 (4 -> 0)
  Optimizing lut $abc$5075$auto$blifparse.cc:525:parse_blif$5246.genblk1.genblk1.genblk1.genblk1.genblk1.genblk1.genblk1.genblk1.lut0.genblk1.genblk1.genblk1.genblk1.genblk1.genblk1.genblk1.lut1.genblk1.genblk1.genblk1.genblk1.genblk1.genblk1.lut1.genblk1.genblk1.genblk1.genblk1.genblk1.lut1 (4 -> 0)
  Optimizing lut $abc$5075$auto$blifparse.cc:525:parse_blif$5235.genblk1.genblk1.genblk1.genblk1.genblk1.genblk1.genblk1.lut1.genblk1.genblk1.genblk1.genblk1.genblk1.genblk1.lut0.genblk1.genblk1.genblk1.genblk1.genblk1.lut1 (4 -> 1)
  Optimizing lut $abc$5075$auto$blifparse.cc:525:parse_blif$5223.genblk1.genblk1.genblk1.genblk1.genblk1.genblk1.genblk1.genblk1.lut0.genblk1.genblk1.genblk1.genblk1.genblk1.genblk1.genblk1.lut0.genblk1.genblk1.genblk1.genblk1.genblk1.genblk1.lut0.genblk1.genblk1.genblk1.genblk1.genblk1.lut1 (4 -> 0)
  Optimizing lut $abc$5075$auto$blifparse.cc:525:parse_blif$5210.genblk1.genblk1.genblk1.genblk1.genblk1.genblk1.genblk1.genblk1.lut0.genblk1.genblk1.genblk1.genblk1.genblk1.genblk1.genblk1.lut0.genblk1.genblk1.genblk1.genblk1.genblk1.genblk1.lut0.genblk1.genblk1.genblk1.genblk1.genblk1.lut0 (4 -> 0)
  Optimizing lut $abc$5075$auto$blifparse.cc:525:parse_blif$5090.genblk1.genblk1.genblk1.genblk1.genblk1.genblk1.genblk1.lut0.genblk1.genblk1.genblk1.genblk1.genblk1.genblk1.lut0.genblk1.genblk1.genblk1.genblk1.genblk1.lut0 (4 -> 0)
  Optimizing lut $abc$5075$auto$blifparse.cc:525:parse_blif$5204.genblk1.genblk1.genblk1.genblk1.genblk1.genblk1.genblk1.genblk1.lut0.genblk1.genblk1.genblk1.genblk1.genblk1.genblk1.genblk1.lut1.genblk1.genblk1.genblk1.genblk1.genblk1.genblk1.lut0.genblk1.genblk1.genblk1.genblk1.genblk1.lut1 (4 -> 0)
  Optimizing lut $abc$5075$auto$blifparse.cc:525:parse_blif$5152.genblk1.genblk1.genblk1.genblk1.genblk1.genblk1.genblk1.genblk1.lut0.genblk1.genblk1.genblk1.genblk1.genblk1.genblk1.genblk1.lut1.genblk1.genblk1.genblk1.genblk1.genblk1.genblk1.lut1.genblk1.genblk1.genblk1.genblk1.genblk1.lut0 (4 -> 0)
  Optimizing lut $abc$5075$auto$blifparse.cc:525:parse_blif$5227.genblk1.genblk1.genblk1.genblk1.genblk1.genblk1.genblk1.lut1.genblk1.genblk1.genblk1.genblk1.genblk1.genblk1.lut1.genblk1.genblk1.genblk1.genblk1.genblk1.lut1 (4 -> 0)
  Optimizing lut $abc$5075$auto$blifparse.cc:525:parse_blif$5227.genblk1.genblk1.genblk1.genblk1.genblk1.genblk1.genblk1.lut1.genblk1.genblk1.genblk1.genblk1.genblk1.genblk1.lut0.genblk1.genblk1.genblk1.genblk1.genblk1.lut1 (4 -> 2)
  Optimizing lut $abc$5075$auto$blifparse.cc:525:parse_blif$5210.genblk1.genblk1.genblk1.genblk1.genblk1.genblk1.genblk1.genblk1.lut0.genblk1.genblk1.genblk1.genblk1.genblk1.genblk1.genblk1.lut0.genblk1.genblk1.genblk1.genblk1.genblk1.genblk1.lut1.genblk1.genblk1.genblk1.genblk1.genblk1.lut0 (4 -> 0)
  Optimizing lut $abc$5075$auto$blifparse.cc:525:parse_blif$5145.genblk1.genblk1.genblk1.genblk1.genblk1.genblk1.genblk1.lut0.genblk1.genblk1.genblk1.genblk1.genblk1.genblk1.lut1.genblk1.genblk1.genblk1.genblk1.genblk1.lut1 (4 -> 1)
  Optimizing lut $abc$5075$auto$blifparse.cc:525:parse_blif$5205.genblk1.genblk1.genblk1.genblk1.genblk1.genblk1.genblk1.genblk1.lut0.genblk1.genblk1.genblk1.genblk1.genblk1.genblk1.genblk1.lut0.genblk1.genblk1.genblk1.genblk1.genblk1.genblk1.lut1.genblk1.genblk1.genblk1.genblk1.genblk1.lut0 (4 -> 2)
  Optimizing lut $abc$5075$auto$blifparse.cc:525:parse_blif$5204.genblk1.genblk1.genblk1.genblk1.genblk1.genblk1.genblk1.genblk1.lut0.genblk1.genblk1.genblk1.genblk1.genblk1.genblk1.genblk1.lut1.genblk1.genblk1.genblk1.genblk1.genblk1.genblk1.lut0.genblk1.genblk1.genblk1.genblk1.genblk1.lut0 (4 -> 0)
  Optimizing lut $abc$5075$auto$blifparse.cc:525:parse_blif$5223.genblk1.genblk1.genblk1.genblk1.genblk1.genblk1.genblk1.genblk1.lut1.genblk1.genblk1.genblk1.genblk1.genblk1.genblk1.genblk1.lut1.genblk1.genblk1.genblk1.genblk1.genblk1.genblk1.lut1.genblk1.genblk1.genblk1.genblk1.genblk1.lut1 (4 -> 1)
  Optimizing lut $abc$5075$auto$blifparse.cc:525:parse_blif$5223.genblk1.genblk1.genblk1.genblk1.genblk1.genblk1.genblk1.genblk1.lut1.genblk1.genblk1.genblk1.genblk1.genblk1.genblk1.genblk1.lut0.genblk1.genblk1.genblk1.genblk1.genblk1.genblk1.lut0.genblk1.genblk1.genblk1.genblk1.genblk1.lut0 (4 -> 1)
  Optimizing lut $abc$5075$auto$blifparse.cc:525:parse_blif$5090.genblk1.genblk1.genblk1.genblk1.genblk1.genblk1.genblk1.lut1.genblk1.genblk1.genblk1.genblk1.genblk1.genblk1.lut1.genblk1.genblk1.genblk1.genblk1.genblk1.lut1 (4 -> 0)
  Optimizing lut $abc$5075$auto$blifparse.cc:525:parse_blif$5131.genblk1.genblk1.genblk1.genblk1.genblk1.genblk1.genblk1.genblk1.lut1.genblk1.genblk1.genblk1.genblk1.genblk1.genblk1.genblk1.lut1.genblk1.genblk1.genblk1.genblk1.genblk1.genblk1.lut1.genblk1.genblk1.genblk1.genblk1.genblk1.lut0 (4 -> 2)
  Optimizing lut $abc$5075$auto$blifparse.cc:525:parse_blif$5167.genblk1.genblk1.genblk1.genblk1.genblk1.genblk1.genblk1.lut0.genblk1.genblk1.genblk1.genblk1.genblk1.genblk1.lut1.genblk1.genblk1.genblk1.genblk1.genblk1.lut1 (4 -> 1)
  Optimizing lut $abc$5075$auto$blifparse.cc:525:parse_blif$5091.genblk1.genblk1.genblk1.genblk1.genblk1.genblk1.genblk1.lut0.genblk1.genblk1.genblk1.genblk1.genblk1.genblk1.lut1.genblk1.genblk1.genblk1.genblk1.genblk1.lut0 (4 -> 0)
  Optimizing lut $abc$5075$auto$blifparse.cc:525:parse_blif$5223.genblk1.genblk1.genblk1.genblk1.genblk1.genblk1.genblk1.genblk1.lut0.genblk1.genblk1.genblk1.genblk1.genblk1.genblk1.genblk1.lut0.genblk1.genblk1.genblk1.genblk1.genblk1.genblk1.lut1.genblk1.genblk1.genblk1.genblk1.genblk1.lut0 (4 -> 0)
  Optimizing lut $abc$5075$auto$blifparse.cc:525:parse_blif$5152.genblk1.genblk1.genblk1.genblk1.genblk1.genblk1.genblk1.genblk1.lut0.genblk1.genblk1.genblk1.genblk1.genblk1.genblk1.genblk1.lut0.genblk1.genblk1.genblk1.genblk1.genblk1.genblk1.lut1.genblk1.genblk1.genblk1.genblk1.genblk1.lut0 (4 -> 0)
  Optimizing lut $abc$5075$auto$blifparse.cc:525:parse_blif$5210.genblk1.genblk1.genblk1.genblk1.genblk1.genblk1.genblk1.genblk1.lut1.genblk1.genblk1.genblk1.genblk1.genblk1.genblk1.genblk1.lut0.genblk1.genblk1.genblk1.genblk1.genblk1.genblk1.lut0.genblk1.genblk1.genblk1.genblk1.genblk1.lut0 (4 -> 1)
  Optimizing lut $abc$5075$auto$blifparse.cc:525:parse_blif$5210.genblk1.genblk1.genblk1.genblk1.genblk1.genblk1.genblk1.genblk1.lut0.genblk1.genblk1.genblk1.genblk1.genblk1.genblk1.genblk1.lut1.genblk1.genblk1.genblk1.genblk1.genblk1.genblk1.lut1.genblk1.genblk1.genblk1.genblk1.genblk1.lut0 (4 -> 0)
  Optimizing lut $abc$5075$auto$blifparse.cc:525:parse_blif$5210.genblk1.genblk1.genblk1.genblk1.genblk1.genblk1.genblk1.genblk1.lut1.genblk1.genblk1.genblk1.genblk1.genblk1.genblk1.genblk1.lut1.genblk1.genblk1.genblk1.genblk1.genblk1.genblk1.lut1.genblk1.genblk1.genblk1.genblk1.genblk1.lut0 (4 -> 0)
  Optimizing lut $abc$5075$auto$blifparse.cc:525:parse_blif$5210.genblk1.genblk1.genblk1.genblk1.genblk1.genblk1.genblk1.genblk1.lut1.genblk1.genblk1.genblk1.genblk1.genblk1.genblk1.genblk1.lut1.genblk1.genblk1.genblk1.genblk1.genblk1.genblk1.lut0.genblk1.genblk1.genblk1.genblk1.genblk1.lut0 (4 -> 1)
  Optimizing lut $abc$5075$auto$blifparse.cc:525:parse_blif$5131.genblk1.genblk1.genblk1.genblk1.genblk1.genblk1.genblk1.genblk1.lut1.genblk1.genblk1.genblk1.genblk1.genblk1.genblk1.genblk1.lut0.genblk1.genblk1.genblk1.genblk1.genblk1.genblk1.lut0.genblk1.genblk1.genblk1.genblk1.genblk1.lut1 (4 -> 2)
  Optimizing lut $abc$5075$auto$blifparse.cc:525:parse_blif$5098.genblk1.genblk1.genblk1.genblk1.genblk1.genblk1.genblk1.lut1.genblk1.genblk1.genblk1.genblk1.genblk1.genblk1.lut0.genblk1.genblk1.genblk1.genblk1.genblk1.lut1 (4 -> 2)
  Optimizing lut $abc$5075$auto$blifparse.cc:525:parse_blif$5131.genblk1.genblk1.genblk1.genblk1.genblk1.genblk1.genblk1.genblk1.lut1.genblk1.genblk1.genblk1.genblk1.genblk1.genblk1.genblk1.lut0.genblk1.genblk1.genblk1.genblk1.genblk1.genblk1.lut0.genblk1.genblk1.genblk1.genblk1.genblk1.lut0 (4 -> 2)
  Optimizing lut $abc$5075$auto$blifparse.cc:525:parse_blif$5112.genblk1.genblk1.genblk1.genblk1.genblk1.genblk1.genblk1.genblk1.lut1.genblk1.genblk1.genblk1.genblk1.genblk1.genblk1.genblk1.lut1.genblk1.genblk1.genblk1.genblk1.genblk1.genblk1.lut0.genblk1.genblk1.genblk1.genblk1.genblk1.lut0 (4 -> 2)
  Optimizing lut $abc$5075$auto$blifparse.cc:525:parse_blif$5107.genblk1.genblk1.genblk1.genblk1.genblk1.genblk1.genblk1.lut0.genblk1.genblk1.genblk1.genblk1.genblk1.genblk1.lut1.genblk1.genblk1.genblk1.genblk1.genblk1.lut1 (4 -> 0)
  Optimizing lut $abc$5075$auto$blifparse.cc:525:parse_blif$5108.genblk1.genblk1.genblk1.genblk1.genblk1.genblk1.genblk1.lut0.genblk1.genblk1.genblk1.genblk1.genblk1.genblk1.lut0.genblk1.genblk1.genblk1.genblk1.genblk1.lut0 (4 -> 0)
  Optimizing lut $abc$5075$auto$blifparse.cc:525:parse_blif$5205.genblk1.genblk1.genblk1.genblk1.genblk1.genblk1.genblk1.genblk1.lut1.genblk1.genblk1.genblk1.genblk1.genblk1.genblk1.genblk1.lut1.genblk1.genblk1.genblk1.genblk1.genblk1.genblk1.lut0.genblk1.genblk1.genblk1.genblk1.genblk1.lut0 (4 -> 2)
  Optimizing lut $abc$5075$auto$blifparse.cc:525:parse_blif$5221.genblk1.genblk1.genblk1.genblk1.genblk1.genblk1.genblk1.genblk1.lut1.genblk1.genblk1.genblk1.genblk1.genblk1.genblk1.genblk1.lut0.genblk1.genblk1.genblk1.genblk1.genblk1.genblk1.lut1.genblk1.genblk1.genblk1.genblk1.genblk1.lut0 (4 -> 0)
  Optimizing lut $abc$5075$auto$blifparse.cc:525:parse_blif$5152.genblk1.genblk1.genblk1.genblk1.genblk1.genblk1.genblk1.genblk1.lut1.genblk1.genblk1.genblk1.genblk1.genblk1.genblk1.genblk1.lut0.genblk1.genblk1.genblk1.genblk1.genblk1.genblk1.lut0.genblk1.genblk1.genblk1.genblk1.genblk1.lut1 (4 -> 0)
  Optimizing lut $abc$5075$auto$blifparse.cc:525:parse_blif$5152.genblk1.genblk1.genblk1.genblk1.genblk1.genblk1.genblk1.genblk1.lut1.genblk1.genblk1.genblk1.genblk1.genblk1.genblk1.genblk1.lut1.genblk1.genblk1.genblk1.genblk1.genblk1.genblk1.lut1.genblk1.genblk1.genblk1.genblk1.genblk1.lut0 (4 -> 1)
  Optimizing lut $abc$5075$auto$blifparse.cc:525:parse_blif$5205.genblk1.genblk1.genblk1.genblk1.genblk1.genblk1.genblk1.genblk1.lut1.genblk1.genblk1.genblk1.genblk1.genblk1.genblk1.genblk1.lut0.genblk1.genblk1.genblk1.genblk1.genblk1.genblk1.lut1.genblk1.genblk1.genblk1.genblk1.genblk1.lut1 (4 -> 0)
  Optimizing lut $abc$5075$auto$blifparse.cc:525:parse_blif$5112.genblk1.genblk1.genblk1.genblk1.genblk1.genblk1.genblk1.genblk1.lut1.genblk1.genblk1.genblk1.genblk1.genblk1.genblk1.genblk1.lut0.genblk1.genblk1.genblk1.genblk1.genblk1.genblk1.lut0.genblk1.genblk1.genblk1.genblk1.genblk1.lut0 (4 -> 1)
  Optimizing lut $abc$5075$auto$blifparse.cc:525:parse_blif$5112.genblk1.genblk1.genblk1.genblk1.genblk1.genblk1.genblk1.genblk1.lut1.genblk1.genblk1.genblk1.genblk1.genblk1.genblk1.genblk1.lut0.genblk1.genblk1.genblk1.genblk1.genblk1.genblk1.lut1.genblk1.genblk1.genblk1.genblk1.genblk1.lut0 (4 -> 1)
  Optimizing lut $abc$5075$auto$blifparse.cc:525:parse_blif$5221.genblk1.genblk1.genblk1.genblk1.genblk1.genblk1.genblk1.genblk1.lut1.genblk1.genblk1.genblk1.genblk1.genblk1.genblk1.genblk1.lut1.genblk1.genblk1.genblk1.genblk1.genblk1.genblk1.lut1.genblk1.genblk1.genblk1.genblk1.genblk1.lut0 (4 -> 0)
  Optimizing lut $abc$5075$auto$blifparse.cc:525:parse_blif$5113.genblk1.genblk1.genblk1.genblk1.genblk1.genblk1.genblk1.lut0.genblk1.genblk1.genblk1.genblk1.genblk1.genblk1.lut1.genblk1.genblk1.genblk1.genblk1.genblk1.lut1 (4 -> 1)
  Optimizing lut $abc$5075$auto$blifparse.cc:525:parse_blif$5237.genblk1.genblk1.genblk1.genblk1.genblk1.genblk1.genblk1.genblk1.lut0.genblk1.genblk1.genblk1.genblk1.genblk1.genblk1.genblk1.lut1.genblk1.genblk1.genblk1.genblk1.genblk1.genblk1.lut0.genblk1.genblk1.genblk1.genblk1.genblk1.lut1 (4 -> 0)
  Optimizing lut $abc$5075$auto$blifparse.cc:525:parse_blif$5204.genblk1.genblk1.genblk1.genblk1.genblk1.genblk1.genblk1.genblk1.lut1.genblk1.genblk1.genblk1.genblk1.genblk1.genblk1.genblk1.lut0.genblk1.genblk1.genblk1.genblk1.genblk1.genblk1.lut0.genblk1.genblk1.genblk1.genblk1.genblk1.lut1 (4 -> 1)
  Optimizing lut $abc$5075$auto$blifparse.cc:525:parse_blif$5112.genblk1.genblk1.genblk1.genblk1.genblk1.genblk1.genblk1.genblk1.lut0.genblk1.genblk1.genblk1.genblk1.genblk1.genblk1.genblk1.lut0.genblk1.genblk1.genblk1.genblk1.genblk1.genblk1.lut0.genblk1.genblk1.genblk1.genblk1.genblk1.lut0 (4 -> 1)
  Optimizing lut $abc$5075$auto$blifparse.cc:525:parse_blif$5091.genblk1.genblk1.genblk1.genblk1.genblk1.genblk1.genblk1.lut0.genblk1.genblk1.genblk1.genblk1.genblk1.genblk1.lut0.genblk1.genblk1.genblk1.genblk1.genblk1.lut1 (4 -> 0)
  Optimizing lut $abc$5075$auto$blifparse.cc:525:parse_blif$5152.genblk1.genblk1.genblk1.genblk1.genblk1.genblk1.genblk1.genblk1.lut1.genblk1.genblk1.genblk1.genblk1.genblk1.genblk1.genblk1.lut1.genblk1.genblk1.genblk1.genblk1.genblk1.genblk1.lut0.genblk1.genblk1.genblk1.genblk1.genblk1.lut0 (4 -> 0)
  Optimizing lut $abc$5075$auto$blifparse.cc:525:parse_blif$5205.genblk1.genblk1.genblk1.genblk1.genblk1.genblk1.genblk1.genblk1.lut0.genblk1.genblk1.genblk1.genblk1.genblk1.genblk1.genblk1.lut0.genblk1.genblk1.genblk1.genblk1.genblk1.genblk1.lut0.genblk1.genblk1.genblk1.genblk1.genblk1.lut0 (4 -> 0)
  Optimizing lut $abc$5075$auto$blifparse.cc:525:parse_blif$5131.genblk1.genblk1.genblk1.genblk1.genblk1.genblk1.genblk1.genblk1.lut0.genblk1.genblk1.genblk1.genblk1.genblk1.genblk1.genblk1.lut1.genblk1.genblk1.genblk1.genblk1.genblk1.genblk1.lut1.genblk1.genblk1.genblk1.genblk1.genblk1.lut0 (4 -> 2)
  Optimizing lut $abc$5075$auto$blifparse.cc:525:parse_blif$5088.genblk1.genblk1.genblk1.genblk1.genblk1.genblk1.genblk1.genblk1.lut1.genblk1.genblk1.genblk1.genblk1.genblk1.genblk1.genblk1.lut0.genblk1.genblk1.genblk1.genblk1.genblk1.genblk1.lut0.genblk1.genblk1.genblk1.genblk1.genblk1.lut1 (4 -> 0)
  Optimizing lut $abc$5075$auto$blifparse.cc:525:parse_blif$5096.genblk1.genblk1.genblk1.genblk1.genblk1.genblk1.genblk1.lut0.genblk1.genblk1.genblk1.genblk1.genblk1.genblk1.lut1.genblk1.genblk1.genblk1.genblk1.genblk1.lut0 (4 -> 0)
  Optimizing lut $abc$5075$auto$blifparse.cc:525:parse_blif$5088.genblk1.genblk1.genblk1.genblk1.genblk1.genblk1.genblk1.genblk1.lut0.genblk1.genblk1.genblk1.genblk1.genblk1.genblk1.genblk1.lut1.genblk1.genblk1.genblk1.genblk1.genblk1.genblk1.lut1.genblk1.genblk1.genblk1.genblk1.genblk1.lut1 (4 -> 0)
  Optimizing lut $abc$5075$auto$blifparse.cc:525:parse_blif$5205.genblk1.genblk1.genblk1.genblk1.genblk1.genblk1.genblk1.genblk1.lut0.genblk1.genblk1.genblk1.genblk1.genblk1.genblk1.genblk1.lut1.genblk1.genblk1.genblk1.genblk1.genblk1.genblk1.lut0.genblk1.genblk1.genblk1.genblk1.genblk1.lut0 (4 -> 0)
  Optimizing lut $abc$5075$auto$blifparse.cc:525:parse_blif$5246.genblk1.genblk1.genblk1.genblk1.genblk1.genblk1.genblk1.genblk1.lut1.genblk1.genblk1.genblk1.genblk1.genblk1.genblk1.genblk1.lut0.genblk1.genblk1.genblk1.genblk1.genblk1.genblk1.lut0.genblk1.genblk1.genblk1.genblk1.genblk1.lut0 (4 -> 0)
  Optimizing lut $abc$5075$auto$blifparse.cc:525:parse_blif$5145.genblk1.genblk1.genblk1.genblk1.genblk1.genblk1.genblk1.lut0.genblk1.genblk1.genblk1.genblk1.genblk1.genblk1.lut0.genblk1.genblk1.genblk1.genblk1.genblk1.lut1 (4 -> 0)
  Optimizing lut $abc$5075$auto$blifparse.cc:525:parse_blif$5204.genblk1.genblk1.genblk1.genblk1.genblk1.genblk1.genblk1.genblk1.lut1.genblk1.genblk1.genblk1.genblk1.genblk1.genblk1.genblk1.lut1.genblk1.genblk1.genblk1.genblk1.genblk1.genblk1.lut0.genblk1.genblk1.genblk1.genblk1.genblk1.lut0 (4 -> 2)
  Optimizing lut $abc$5075$auto$blifparse.cc:525:parse_blif$5205.genblk1.genblk1.genblk1.genblk1.genblk1.genblk1.genblk1.genblk1.lut0.genblk1.genblk1.genblk1.genblk1.genblk1.genblk1.genblk1.lut0.genblk1.genblk1.genblk1.genblk1.genblk1.genblk1.lut0.genblk1.genblk1.genblk1.genblk1.genblk1.lut1 (4 -> 0)
  Optimizing lut $abc$5075$auto$blifparse.cc:525:parse_blif$5131.genblk1.genblk1.genblk1.genblk1.genblk1.genblk1.genblk1.genblk1.lut1.genblk1.genblk1.genblk1.genblk1.genblk1.genblk1.genblk1.lut1.genblk1.genblk1.genblk1.genblk1.genblk1.genblk1.lut0.genblk1.genblk1.genblk1.genblk1.genblk1.lut1 (4 -> 2)
  Optimizing lut $abc$5075$auto$blifparse.cc:525:parse_blif$5246.genblk1.genblk1.genblk1.genblk1.genblk1.genblk1.genblk1.genblk1.lut1.genblk1.genblk1.genblk1.genblk1.genblk1.genblk1.genblk1.lut0.genblk1.genblk1.genblk1.genblk1.genblk1.genblk1.lut0.genblk1.genblk1.genblk1.genblk1.genblk1.lut1 (4 -> 0)
  Optimizing lut $abc$5075$auto$blifparse.cc:525:parse_blif$5107.genblk1.genblk1.genblk1.genblk1.genblk1.genblk1.genblk1.lut1.genblk1.genblk1.genblk1.genblk1.genblk1.genblk1.lut1.genblk1.genblk1.genblk1.genblk1.genblk1.lut1 (4 -> 0)
  Optimizing lut $abc$5075$auto$blifparse.cc:525:parse_blif$5112.genblk1.genblk1.genblk1.genblk1.genblk1.genblk1.genblk1.genblk1.lut0.genblk1.genblk1.genblk1.genblk1.genblk1.genblk1.genblk1.lut0.genblk1.genblk1.genblk1.genblk1.genblk1.genblk1.lut1.genblk1.genblk1.genblk1.genblk1.genblk1.lut1 (4 -> 1)
  Optimizing lut $abc$5075$auto$blifparse.cc:525:parse_blif$5091.genblk1.genblk1.genblk1.genblk1.genblk1.genblk1.genblk1.lut1.genblk1.genblk1.genblk1.genblk1.genblk1.genblk1.lut0.genblk1.genblk1.genblk1.genblk1.genblk1.lut1 (4 -> 1)
  Optimizing lut $abc$5075$auto$blifparse.cc:525:parse_blif$5088.genblk1.genblk1.genblk1.genblk1.genblk1.genblk1.genblk1.genblk1.lut0.genblk1.genblk1.genblk1.genblk1.genblk1.genblk1.genblk1.lut0.genblk1.genblk1.genblk1.genblk1.genblk1.genblk1.lut1.genblk1.genblk1.genblk1.genblk1.genblk1.lut0 (4 -> 0)
  Optimizing lut $abc$5075$auto$blifparse.cc:525:parse_blif$5088.genblk1.genblk1.genblk1.genblk1.genblk1.genblk1.genblk1.genblk1.lut1.genblk1.genblk1.genblk1.genblk1.genblk1.genblk1.genblk1.lut1.genblk1.genblk1.genblk1.genblk1.genblk1.genblk1.lut1.genblk1.genblk1.genblk1.genblk1.genblk1.lut1 (4 -> 1)
  Optimizing lut $abc$5075$auto$blifparse.cc:525:parse_blif$5108.genblk1.genblk1.genblk1.genblk1.genblk1.genblk1.genblk1.lut0.genblk1.genblk1.genblk1.genblk1.genblk1.genblk1.lut1.genblk1.genblk1.genblk1.genblk1.genblk1.lut1 (4 -> 0)
  Optimizing lut $abc$5075$auto$blifparse.cc:525:parse_blif$5248.genblk1.genblk1.genblk1.genblk1.genblk1.genblk1.genblk1.lut1.genblk1.genblk1.genblk1.genblk1.genblk1.genblk1.lut1.genblk1.genblk1.genblk1.genblk1.genblk1.lut1 (4 -> 1)
  Optimizing lut $abc$5075$auto$blifparse.cc:525:parse_blif$5204.genblk1.genblk1.genblk1.genblk1.genblk1.genblk1.genblk1.genblk1.lut1.genblk1.genblk1.genblk1.genblk1.genblk1.genblk1.genblk1.lut1.genblk1.genblk1.genblk1.genblk1.genblk1.genblk1.lut0.genblk1.genblk1.genblk1.genblk1.genblk1.lut1 (4 -> 2)
  Optimizing lut $abc$5075$auto$blifparse.cc:525:parse_blif$5161.genblk1.genblk1.genblk1.genblk1.genblk1.genblk1.lut0.genblk1.genblk1.genblk1.genblk1.genblk1.lut0 (4 -> 0)
  Optimizing lut $abc$5075$auto$blifparse.cc:525:parse_blif$5131.genblk1.genblk1.genblk1.genblk1.genblk1.genblk1.genblk1.genblk1.lut0.genblk1.genblk1.genblk1.genblk1.genblk1.genblk1.genblk1.lut0.genblk1.genblk1.genblk1.genblk1.genblk1.genblk1.lut0.genblk1.genblk1.genblk1.genblk1.genblk1.lut0 (4 -> 0)
  Optimizing lut $abc$5075$auto$blifparse.cc:525:parse_blif$5205.genblk1.genblk1.genblk1.genblk1.genblk1.genblk1.genblk1.genblk1.lut1.genblk1.genblk1.genblk1.genblk1.genblk1.genblk1.genblk1.lut0.genblk1.genblk1.genblk1.genblk1.genblk1.genblk1.lut0.genblk1.genblk1.genblk1.genblk1.genblk1.lut1 (4 -> 0)
  Optimizing lut $abc$5075$auto$blifparse.cc:525:parse_blif$5163.genblk1.genblk1.genblk1.genblk1.genblk1.genblk1.lut0.genblk1.genblk1.genblk1.genblk1.genblk1.lut0 (4 -> 0)
  Optimizing lut $abc$5075$auto$blifparse.cc:525:parse_blif$5152.genblk1.genblk1.genblk1.genblk1.genblk1.genblk1.genblk1.genblk1.lut0.genblk1.genblk1.genblk1.genblk1.genblk1.genblk1.genblk1.lut0.genblk1.genblk1.genblk1.genblk1.genblk1.genblk1.lut0.genblk1.genblk1.genblk1.genblk1.genblk1.lut0 (4 -> 0)
  Optimizing lut $abc$5075$auto$blifparse.cc:525:parse_blif$5112.genblk1.genblk1.genblk1.genblk1.genblk1.genblk1.genblk1.genblk1.lut0.genblk1.genblk1.genblk1.genblk1.genblk1.genblk1.genblk1.lut0.genblk1.genblk1.genblk1.genblk1.genblk1.genblk1.lut1.genblk1.genblk1.genblk1.genblk1.genblk1.lut0 (4 -> 1)
  Optimizing lut $abc$5075$auto$blifparse.cc:525:parse_blif$5131.genblk1.genblk1.genblk1.genblk1.genblk1.genblk1.genblk1.genblk1.lut1.genblk1.genblk1.genblk1.genblk1.genblk1.genblk1.genblk1.lut0.genblk1.genblk1.genblk1.genblk1.genblk1.genblk1.lut1.genblk1.genblk1.genblk1.genblk1.genblk1.lut0 (4 -> 2)
  Optimizing lut $abc$5075$auto$blifparse.cc:525:parse_blif$5167.genblk1.genblk1.genblk1.genblk1.genblk1.genblk1.genblk1.lut1.genblk1.genblk1.genblk1.genblk1.genblk1.genblk1.lut0.genblk1.genblk1.genblk1.genblk1.genblk1.lut0 (4 -> 0)
  Optimizing lut $abc$5075$auto$blifparse.cc:525:parse_blif$5133.genblk1.genblk1.genblk1.genblk1.genblk1.genblk1.lut0.genblk1.genblk1.genblk1.genblk1.genblk1.lut0 (4 -> 0)
  Optimizing lut $abc$5075$auto$blifparse.cc:525:parse_blif$5108.genblk1.genblk1.genblk1.genblk1.genblk1.genblk1.genblk1.lut0.genblk1.genblk1.genblk1.genblk1.genblk1.genblk1.lut1.genblk1.genblk1.genblk1.genblk1.genblk1.lut0 (4 -> 0)
  Optimizing lut $abc$5075$auto$blifparse.cc:525:parse_blif$5106.genblk1.genblk1.genblk1.genblk1.genblk1.genblk1.lut1.genblk1.genblk1.genblk1.genblk1.genblk1.lut0 (4 -> 0)
  Optimizing lut $abc$5075$auto$blifparse.cc:525:parse_blif$5118.genblk1.genblk1.genblk1.genblk1.genblk1.genblk1.lut1.genblk1.genblk1.genblk1.genblk1.genblk1.lut0 (4 -> 0)
  Optimizing lut $abc$5075$auto$blifparse.cc:525:parse_blif$5092.genblk1.genblk1.genblk1.genblk1.genblk1.genblk1.lut0.genblk1.genblk1.genblk1.genblk1.genblk1.lut0 (4 -> 0)
  Optimizing lut $abc$5075$auto$blifparse.cc:525:parse_blif$5208.genblk1.genblk1.genblk1.genblk1.genblk1.genblk1.lut1.genblk1.genblk1.genblk1.genblk1.genblk1.lut0 (4 -> 2)
  Optimizing lut $abc$5075$auto$blifparse.cc:525:parse_blif$5165.genblk1.genblk1.genblk1.genblk1.genblk1.genblk1.lut1.genblk1.genblk1.genblk1.genblk1.genblk1.lut0 (4 -> 0)
  Optimizing lut $abc$5075$auto$blifparse.cc:525:parse_blif$5088.genblk1.genblk1.genblk1.genblk1.genblk1.genblk1.genblk1.genblk1.lut1.genblk1.genblk1.genblk1.genblk1.genblk1.genblk1.genblk1.lut0.genblk1.genblk1.genblk1.genblk1.genblk1.genblk1.lut1.genblk1.genblk1.genblk1.genblk1.genblk1.lut0 (4 -> 0)
  Optimizing lut $abc$5075$auto$blifparse.cc:525:parse_blif$5145.genblk1.genblk1.genblk1.genblk1.genblk1.genblk1.genblk1.lut0.genblk1.genblk1.genblk1.genblk1.genblk1.genblk1.lut0.genblk1.genblk1.genblk1.genblk1.genblk1.lut0 (4 -> 0)
  Optimizing lut $abc$5075$auto$blifparse.cc:525:parse_blif$5091.genblk1.genblk1.genblk1.genblk1.genblk1.genblk1.genblk1.lut1.genblk1.genblk1.genblk1.genblk1.genblk1.genblk1.lut1.genblk1.genblk1.genblk1.genblk1.genblk1.lut0 (4 -> 0)
  Optimizing lut $abc$5075$auto$blifparse.cc:525:parse_blif$5239.genblk1.genblk1.genblk1.genblk1.genblk1.genblk1.genblk1.genblk1.lut0.genblk1.genblk1.genblk1.genblk1.genblk1.genblk1.genblk1.lut0.genblk1.genblk1.genblk1.genblk1.genblk1.genblk1.lut1.genblk1.genblk1.genblk1.genblk1.genblk1.lut1 (4 -> 0)
  Optimizing lut $abc$5075$auto$blifparse.cc:525:parse_blif$5104.genblk1.genblk1.genblk1.genblk1.genblk1.genblk1.lut0.genblk1.genblk1.genblk1.genblk1.genblk1.lut1 (4 -> 1)
  Optimizing lut $abc$5075$auto$blifparse.cc:525:parse_blif$5096.genblk1.genblk1.genblk1.genblk1.genblk1.genblk1.genblk1.lut0.genblk1.genblk1.genblk1.genblk1.genblk1.genblk1.lut0.genblk1.genblk1.genblk1.genblk1.genblk1.lut1 (4 -> 0)
  Optimizing lut $abc$5075$auto$blifparse.cc:525:parse_blif$5112.genblk1.genblk1.genblk1.genblk1.genblk1.genblk1.genblk1.genblk1.lut1.genblk1.genblk1.genblk1.genblk1.genblk1.genblk1.genblk1.lut0.genblk1.genblk1.genblk1.genblk1.genblk1.genblk1.lut1.genblk1.genblk1.genblk1.genblk1.genblk1.lut1 (4 -> 1)
  Optimizing lut $abc$5075$auto$blifparse.cc:525:parse_blif$5168.genblk1.genblk1.genblk1.genblk1.genblk1.genblk1.lut0.genblk1.genblk1.genblk1.genblk1.genblk1.lut0 (4 -> 0)
  Optimizing lut $abc$5075$auto$blifparse.cc:525:parse_blif$5221.genblk1.genblk1.genblk1.genblk1.genblk1.genblk1.genblk1.genblk1.lut1.genblk1.genblk1.genblk1.genblk1.genblk1.genblk1.genblk1.lut1.genblk1.genblk1.genblk1.genblk1.genblk1.genblk1.lut0.genblk1.genblk1.genblk1.genblk1.genblk1.lut0 (4 -> 0)
  Optimizing lut $abc$5075$auto$blifparse.cc:525:parse_blif$5107.genblk1.genblk1.genblk1.genblk1.genblk1.genblk1.genblk1.lut0.genblk1.genblk1.genblk1.genblk1.genblk1.genblk1.lut1.genblk1.genblk1.genblk1.genblk1.genblk1.lut0 (4 -> 0)
  Optimizing lut $abc$5075$auto$blifparse.cc:525:parse_blif$5092.genblk1.genblk1.genblk1.genblk1.genblk1.genblk1.lut1.genblk1.genblk1.genblk1.genblk1.genblk1.lut1 (4 -> 1)
  Optimizing lut $abc$5075$auto$blifparse.cc:525:parse_blif$5108.genblk1.genblk1.genblk1.genblk1.genblk1.genblk1.genblk1.lut1.genblk1.genblk1.genblk1.genblk1.genblk1.genblk1.lut0.genblk1.genblk1.genblk1.genblk1.genblk1.lut0 (4 -> 0)
  Optimizing lut $abc$5075$auto$blifparse.cc:525:parse_blif$5108.genblk1.genblk1.genblk1.genblk1.genblk1.genblk1.genblk1.lut1.genblk1.genblk1.genblk1.genblk1.genblk1.genblk1.lut1.genblk1.genblk1.genblk1.genblk1.genblk1.lut0 (4 -> 0)
  Optimizing lut $abc$5075$auto$blifparse.cc:525:parse_blif$5099.genblk1.genblk1.genblk1.genblk1.genblk1.genblk1.lut1.genblk1.genblk1.genblk1.genblk1.genblk1.lut0 (4 -> 0)
  Optimizing lut $abc$5075$auto$blifparse.cc:525:parse_blif$5098.genblk1.genblk1.genblk1.genblk1.genblk1.genblk1.genblk1.lut1.genblk1.genblk1.genblk1.genblk1.genblk1.genblk1.lut1.genblk1.genblk1.genblk1.genblk1.genblk1.lut0 (4 -> 1)
  Optimizing lut $abc$5075$auto$blifparse.cc:525:parse_blif$5194.genblk1.genblk1.genblk1.genblk1.genblk1.genblk1.lut1.genblk1.genblk1.genblk1.genblk1.genblk1.lut1 (4 -> 1)
  Optimizing lut $abc$5075$auto$blifparse.cc:525:parse_blif$5204.genblk1.genblk1.genblk1.genblk1.genblk1.genblk1.genblk1.genblk1.lut1.genblk1.genblk1.genblk1.genblk1.genblk1.genblk1.genblk1.lut0.genblk1.genblk1.genblk1.genblk1.genblk1.genblk1.lut1.genblk1.genblk1.genblk1.genblk1.genblk1.lut1 (4 -> 1)
  Optimizing lut $abc$5075$auto$blifparse.cc:525:parse_blif$5168.genblk1.genblk1.genblk1.genblk1.genblk1.genblk1.lut1.genblk1.genblk1.genblk1.genblk1.genblk1.lut0 (4 -> 0)
  Optimizing lut $abc$5075$auto$blifparse.cc:525:parse_blif$5090.genblk1.genblk1.genblk1.genblk1.genblk1.genblk1.genblk1.lut0.genblk1.genblk1.genblk1.genblk1.genblk1.genblk1.lut1.genblk1.genblk1.genblk1.genblk1.genblk1.lut0 (4 -> 0)
  Optimizing lut $abc$5075$auto$blifparse.cc:525:parse_blif$5166.genblk1.genblk1.genblk1.genblk1.genblk1.genblk1.lut1.genblk1.genblk1.genblk1.genblk1.genblk1.lut0 (4 -> 0)
  Optimizing lut $abc$5075$auto$blifparse.cc:525:parse_blif$5167.genblk1.genblk1.genblk1.genblk1.genblk1.genblk1.genblk1.lut0.genblk1.genblk1.genblk1.genblk1.genblk1.genblk1.lut0.genblk1.genblk1.genblk1.genblk1.genblk1.lut0 (4 -> 0)
  Optimizing lut $abc$5075$auto$blifparse.cc:525:parse_blif$5090.genblk1.genblk1.genblk1.genblk1.genblk1.genblk1.genblk1.lut1.genblk1.genblk1.genblk1.genblk1.genblk1.genblk1.lut1.genblk1.genblk1.genblk1.genblk1.genblk1.lut0 (4 -> 0)
  Optimizing lut $abc$5075$auto$blifparse.cc:525:parse_blif$5142.genblk1.genblk1.genblk1.genblk1.genblk1.genblk1.lut1.genblk1.genblk1.genblk1.genblk1.genblk1.lut0 (4 -> 0)
  Optimizing lut $abc$5075$auto$blifparse.cc:525:parse_blif$5246.genblk1.genblk1.genblk1.genblk1.genblk1.genblk1.genblk1.genblk1.lut0.genblk1.genblk1.genblk1.genblk1.genblk1.genblk1.genblk1.lut1.genblk1.genblk1.genblk1.genblk1.genblk1.genblk1.lut0.genblk1.genblk1.genblk1.genblk1.genblk1.lut1 (4 -> 0)
  Optimizing lut $abc$5075$auto$blifparse.cc:525:parse_blif$5143.genblk1.genblk1.genblk1.genblk1.genblk1.genblk1.lut1.genblk1.genblk1.genblk1.genblk1.genblk1.lut0 (4 -> 0)
  Optimizing lut $abc$5075$auto$blifparse.cc:525:parse_blif$5147.genblk1.genblk1.genblk1.genblk1.genblk1.genblk1.lut1.genblk1.genblk1.genblk1.genblk1.genblk1.lut0 (4 -> 2)
  Optimizing lut $abc$5075$auto$blifparse.cc:525:parse_blif$5204.genblk1.genblk1.genblk1.genblk1.genblk1.genblk1.genblk1.genblk1.lut0.genblk1.genblk1.genblk1.genblk1.genblk1.genblk1.genblk1.lut1.genblk1.genblk1.genblk1.genblk1.genblk1.genblk1.lut1.genblk1.genblk1.genblk1.genblk1.genblk1.lut1 (4 -> 0)
  Optimizing lut $abc$5075$auto$blifparse.cc:525:parse_blif$5139.genblk1.genblk1.genblk1.genblk1.genblk1.genblk1.lut1.genblk1.genblk1.genblk1.genblk1.genblk1.lut1 (4 -> 1)
  Optimizing lut $abc$5075$auto$blifparse.cc:525:parse_blif$5159.genblk1.genblk1.genblk1.genblk1.genblk1.genblk1.lut0.genblk1.genblk1.genblk1.genblk1.genblk1.lut0 (4 -> 0)
  Optimizing lut $abc$5075$auto$blifparse.cc:525:parse_blif$5098.genblk1.genblk1.genblk1.genblk1.genblk1.genblk1.genblk1.lut0.genblk1.genblk1.genblk1.genblk1.genblk1.genblk1.lut0.genblk1.genblk1.genblk1.genblk1.genblk1.lut0 (4 -> 0)
  Optimizing lut $abc$5075$auto$blifparse.cc:525:parse_blif$5145.genblk1.genblk1.genblk1.genblk1.genblk1.genblk1.genblk1.lut0.genblk1.genblk1.genblk1.genblk1.genblk1.genblk1.lut1.genblk1.genblk1.genblk1.genblk1.genblk1.lut0 (4 -> 0)
  Optimizing lut $abc$5075$auto$blifparse.cc:525:parse_blif$5103.genblk1.genblk1.genblk1.genblk1.genblk1.genblk1.lut1.genblk1.genblk1.genblk1.genblk1.genblk1.lut1 (4 -> 1)
  Optimizing lut $abc$5075$auto$blifparse.cc:525:parse_blif$5151.genblk1.genblk1.genblk1.genblk1.genblk1.genblk1.genblk1.genblk1.lut1.genblk1.genblk1.genblk1.genblk1.genblk1.genblk1.genblk1.lut1.genblk1.genblk1.genblk1.genblk1.genblk1.genblk1.lut0.genblk1.genblk1.genblk1.genblk1.genblk1.lut1 (4 -> 1)
  Optimizing lut $abc$5075$auto$blifparse.cc:525:parse_blif$5099.genblk1.genblk1.genblk1.genblk1.genblk1.genblk1.lut1.genblk1.genblk1.genblk1.genblk1.genblk1.lut1 (4 -> 1)
  Optimizing lut $abc$5075$auto$blifparse.cc:525:parse_blif$5152.genblk1.genblk1.genblk1.genblk1.genblk1.genblk1.genblk1.genblk1.lut0.genblk1.genblk1.genblk1.genblk1.genblk1.genblk1.genblk1.lut0.genblk1.genblk1.genblk1.genblk1.genblk1.genblk1.lut1.genblk1.genblk1.genblk1.genblk1.genblk1.lut1 (4 -> 0)
  Optimizing lut $abc$5075$auto$blifparse.cc:525:parse_blif$5223.genblk1.genblk1.genblk1.genblk1.genblk1.genblk1.genblk1.genblk1.lut0.genblk1.genblk1.genblk1.genblk1.genblk1.genblk1.genblk1.lut0.genblk1.genblk1.genblk1.genblk1.genblk1.genblk1.lut0.genblk1.genblk1.genblk1.genblk1.genblk1.lut0 (4 -> 0)
  Optimizing lut $abc$5075$auto$blifparse.cc:525:parse_blif$5235.genblk1.genblk1.genblk1.genblk1.genblk1.genblk1.genblk1.lut1.genblk1.genblk1.genblk1.genblk1.genblk1.genblk1.lut0.genblk1.genblk1.genblk1.genblk1.genblk1.lut0 (4 -> 1)
  Optimizing lut $abc$5075$auto$blifparse.cc:525:parse_blif$5131.genblk1.genblk1.genblk1.genblk1.genblk1.genblk1.genblk1.genblk1.lut0.genblk1.genblk1.genblk1.genblk1.genblk1.genblk1.genblk1.lut1.genblk1.genblk1.genblk1.genblk1.genblk1.genblk1.lut1.genblk1.genblk1.genblk1.genblk1.genblk1.lut1 (4 -> 2)
  Optimizing lut $abc$5075$auto$blifparse.cc:525:parse_blif$5237.genblk1.genblk1.genblk1.genblk1.genblk1.genblk1.genblk1.genblk1.lut0.genblk1.genblk1.genblk1.genblk1.genblk1.genblk1.genblk1.lut1.genblk1.genblk1.genblk1.genblk1.genblk1.genblk1.lut1.genblk1.genblk1.genblk1.genblk1.genblk1.lut1 (4 -> 0)
  Optimizing lut $abc$5075$auto$blifparse.cc:525:parse_blif$5224.genblk1.genblk1.genblk1.genblk1.genblk1.genblk1.genblk1.lut0.genblk1.genblk1.genblk1.genblk1.genblk1.genblk1.lut0.genblk1.genblk1.genblk1.genblk1.genblk1.lut0 (4 -> 0)
  Optimizing lut $abc$5075$auto$blifparse.cc:525:parse_blif$5224.genblk1.genblk1.genblk1.genblk1.genblk1.genblk1.genblk1.lut0.genblk1.genblk1.genblk1.genblk1.genblk1.genblk1.lut1.genblk1.genblk1.genblk1.genblk1.genblk1.lut0 (4 -> 0)
  Optimizing lut $abc$5075$auto$blifparse.cc:525:parse_blif$5221.genblk1.genblk1.genblk1.genblk1.genblk1.genblk1.genblk1.genblk1.lut0.genblk1.genblk1.genblk1.genblk1.genblk1.genblk1.genblk1.lut1.genblk1.genblk1.genblk1.genblk1.genblk1.genblk1.lut1.genblk1.genblk1.genblk1.genblk1.genblk1.lut1 (4 -> 0)
  Optimizing lut $abc$5075$auto$blifparse.cc:525:parse_blif$5224.genblk1.genblk1.genblk1.genblk1.genblk1.genblk1.genblk1.lut1.genblk1.genblk1.genblk1.genblk1.genblk1.genblk1.lut1.genblk1.genblk1.genblk1.genblk1.genblk1.lut0 (4 -> 0)
  Optimizing lut $abc$5075$auto$blifparse.cc:525:parse_blif$5221.genblk1.genblk1.genblk1.genblk1.genblk1.genblk1.genblk1.genblk1.lut0.genblk1.genblk1.genblk1.genblk1.genblk1.genblk1.genblk1.lut0.genblk1.genblk1.genblk1.genblk1.genblk1.genblk1.lut1.genblk1.genblk1.genblk1.genblk1.genblk1.lut1 (4 -> 0)
  Optimizing lut $abc$5075$auto$blifparse.cc:525:parse_blif$5164.genblk1.genblk1.genblk1.genblk1.genblk1.genblk1.lut0.genblk1.genblk1.genblk1.genblk1.genblk1.lut0 (4 -> 0)
  Optimizing lut $abc$5075$auto$blifparse.cc:525:parse_blif$5226.genblk1.genblk1.genblk1.genblk1.genblk1.genblk1.genblk1.genblk1.lut0.genblk1.genblk1.genblk1.genblk1.genblk1.genblk1.genblk1.lut0.genblk1.genblk1.genblk1.genblk1.genblk1.genblk1.lut1.genblk1.genblk1.genblk1.genblk1.genblk1.lut1 (4 -> 0)
  Optimizing lut $abc$5075$auto$blifparse.cc:525:parse_blif$5226.genblk1.genblk1.genblk1.genblk1.genblk1.genblk1.genblk1.genblk1.lut0.genblk1.genblk1.genblk1.genblk1.genblk1.genblk1.genblk1.lut1.genblk1.genblk1.genblk1.genblk1.genblk1.genblk1.lut1.genblk1.genblk1.genblk1.genblk1.genblk1.lut1 (4 -> 0)
  Optimizing lut $abc$5075$auto$blifparse.cc:525:parse_blif$5164.genblk1.genblk1.genblk1.genblk1.genblk1.genblk1.lut1.genblk1.genblk1.genblk1.genblk1.genblk1.lut0 (4 -> 0)
  Optimizing lut $abc$5075$auto$blifparse.cc:525:parse_blif$5242.genblk1.genblk1.genblk1.genblk1.genblk1.genblk1.genblk1.genblk1.lut1.genblk1.genblk1.genblk1.genblk1.genblk1.genblk1.genblk1.lut0.genblk1.genblk1.genblk1.genblk1.genblk1.genblk1.lut1.genblk1.genblk1.genblk1.genblk1.genblk1.lut1 (4 -> 1)
  Optimizing lut $abc$5075$auto$blifparse.cc:525:parse_blif$5248.genblk1.genblk1.genblk1.genblk1.genblk1.genblk1.genblk1.lut0.genblk1.genblk1.genblk1.genblk1.genblk1.genblk1.lut1.genblk1.genblk1.genblk1.genblk1.genblk1.lut0 (4 -> 0)
  Optimizing lut $abc$5075$auto$blifparse.cc:525:parse_blif$5248.genblk1.genblk1.genblk1.genblk1.genblk1.genblk1.genblk1.lut0.genblk1.genblk1.genblk1.genblk1.genblk1.genblk1.lut0.genblk1.genblk1.genblk1.genblk1.genblk1.lut0 (4 -> 0)
  Optimizing lut $abc$5075$auto$blifparse.cc:525:parse_blif$5239.genblk1.genblk1.genblk1.genblk1.genblk1.genblk1.genblk1.genblk1.lut1.genblk1.genblk1.genblk1.genblk1.genblk1.genblk1.genblk1.lut0.genblk1.genblk1.genblk1.genblk1.genblk1.genblk1.lut1.genblk1.genblk1.genblk1.genblk1.genblk1.lut1 (4 -> 1)
  Optimizing lut $abc$5075$auto$blifparse.cc:525:parse_blif$5242.genblk1.genblk1.genblk1.genblk1.genblk1.genblk1.genblk1.genblk1.lut0.genblk1.genblk1.genblk1.genblk1.genblk1.genblk1.genblk1.lut1.genblk1.genblk1.genblk1.genblk1.genblk1.genblk1.lut1.genblk1.genblk1.genblk1.genblk1.genblk1.lut0 (4 -> 0)
  Optimizing lut $abc$5075$auto$blifparse.cc:525:parse_blif$5242.genblk1.genblk1.genblk1.genblk1.genblk1.genblk1.genblk1.genblk1.lut0.genblk1.genblk1.genblk1.genblk1.genblk1.genblk1.genblk1.lut1.genblk1.genblk1.genblk1.genblk1.genblk1.genblk1.lut1.genblk1.genblk1.genblk1.genblk1.genblk1.lut1 (4 -> 0)
  Optimizing lut $abc$5075$auto$blifparse.cc:525:parse_blif$5223.genblk1.genblk1.genblk1.genblk1.genblk1.genblk1.genblk1.genblk1.lut1.genblk1.genblk1.genblk1.genblk1.genblk1.genblk1.genblk1.lut1.genblk1.genblk1.genblk1.genblk1.genblk1.genblk1.lut0.genblk1.genblk1.genblk1.genblk1.genblk1.lut0 (4 -> 2)
  Optimizing lut $abc$5075$auto$blifparse.cc:525:parse_blif$5242.genblk1.genblk1.genblk1.genblk1.genblk1.genblk1.genblk1.genblk1.lut0.genblk1.genblk1.genblk1.genblk1.genblk1.genblk1.genblk1.lut0.genblk1.genblk1.genblk1.genblk1.genblk1.genblk1.lut1.genblk1.genblk1.genblk1.genblk1.genblk1.lut1 (4 -> 0)
  Optimizing lut $abc$5075$auto$blifparse.cc:525:parse_blif$5096.genblk1.genblk1.genblk1.genblk1.genblk1.genblk1.genblk1.lut0.genblk1.genblk1.genblk1.genblk1.genblk1.genblk1.lut0.genblk1.genblk1.genblk1.genblk1.genblk1.lut0 (4 -> 0)
  Optimizing lut $abc$5075$auto$blifparse.cc:525:parse_blif$5245.genblk1.genblk1.genblk1.genblk1.genblk1.genblk1.genblk1.genblk1.lut1.genblk1.genblk1.genblk1.genblk1.genblk1.genblk1.genblk1.lut1.genblk1.genblk1.genblk1.genblk1.genblk1.genblk1.lut1.genblk1.genblk1.genblk1.genblk1.genblk1.lut1 (4 -> 0)
  Optimizing lut $abc$5075$auto$blifparse.cc:525:parse_blif$5209.genblk1.genblk1.genblk1.genblk1.genblk1.genblk1.genblk1.lut0.genblk1.genblk1.genblk1.genblk1.genblk1.genblk1.lut1.genblk1.genblk1.genblk1.genblk1.genblk1.lut1 (4 -> 2)
  Optimizing lut $abc$5075$auto$blifparse.cc:525:parse_blif$5245.genblk1.genblk1.genblk1.genblk1.genblk1.genblk1.genblk1.genblk1.lut1.genblk1.genblk1.genblk1.genblk1.genblk1.genblk1.genblk1.lut0.genblk1.genblk1.genblk1.genblk1.genblk1.genblk1.lut1.genblk1.genblk1.genblk1.genblk1.genblk1.lut0 (4 -> 0)
  Optimizing lut $abc$5075$auto$blifparse.cc:525:parse_blif$5209.genblk1.genblk1.genblk1.genblk1.genblk1.genblk1.genblk1.lut1.genblk1.genblk1.genblk1.genblk1.genblk1.genblk1.lut0.genblk1.genblk1.genblk1.genblk1.genblk1.lut1 (4 -> 2)
  Optimizing lut $abc$5075$auto$blifparse.cc:525:parse_blif$5245.genblk1.genblk1.genblk1.genblk1.genblk1.genblk1.genblk1.genblk1.lut0.genblk1.genblk1.genblk1.genblk1.genblk1.genblk1.genblk1.lut1.genblk1.genblk1.genblk1.genblk1.genblk1.genblk1.lut1.genblk1.genblk1.genblk1.genblk1.genblk1.lut1 (4 -> 0)
  Optimizing lut $abc$5075$auto$blifparse.cc:525:parse_blif$5245.genblk1.genblk1.genblk1.genblk1.genblk1.genblk1.genblk1.genblk1.lut0.genblk1.genblk1.genblk1.genblk1.genblk1.genblk1.genblk1.lut0.genblk1.genblk1.genblk1.genblk1.genblk1.genblk1.lut1.genblk1.genblk1.genblk1.genblk1.genblk1.lut1 (4 -> 0)
  Optimizing lut $abc$5075$auto$blifparse.cc:525:parse_blif$5192.genblk1.genblk1.genblk1.genblk1.genblk1.genblk1.lut1.genblk1.genblk1.genblk1.genblk1.genblk1.lut1 (4 -> 1)
  Optimizing lut $abc$5075$auto$blifparse.cc:525:parse_blif$5211.genblk1.genblk1.genblk1.genblk1.genblk1.genblk1.genblk1.lut1.genblk1.genblk1.genblk1.genblk1.genblk1.genblk1.lut0.genblk1.genblk1.genblk1.genblk1.genblk1.lut0 (4 -> 0)
  Optimizing lut $abc$5075$auto$blifparse.cc:525:parse_blif$5226.genblk1.genblk1.genblk1.genblk1.genblk1.genblk1.genblk1.genblk1.lut1.genblk1.genblk1.genblk1.genblk1.genblk1.genblk1.genblk1.lut0.genblk1.genblk1.genblk1.genblk1.genblk1.genblk1.lut1.genblk1.genblk1.genblk1.genblk1.genblk1.lut1 (4 -> 1)
  Optimizing lut $abc$5075$auto$blifparse.cc:525:parse_blif$5226.genblk1.genblk1.genblk1.genblk1.genblk1.genblk1.genblk1.genblk1.lut1.genblk1.genblk1.genblk1.genblk1.genblk1.genblk1.genblk1.lut1.genblk1.genblk1.genblk1.genblk1.genblk1.genblk1.lut1.genblk1.genblk1.genblk1.genblk1.genblk1.lut0 (4 -> 1)
  Optimizing lut $abc$5075$auto$blifparse.cc:525:parse_blif$5243.genblk1.genblk1.genblk1.genblk1.genblk1.genblk1.genblk1.lut0.genblk1.genblk1.genblk1.genblk1.genblk1.genblk1.lut1.genblk1.genblk1.genblk1.genblk1.genblk1.lut0 (4 -> 2)
  Optimizing lut $abc$5075$auto$blifparse.cc:525:parse_blif$5243.genblk1.genblk1.genblk1.genblk1.genblk1.genblk1.genblk1.lut0.genblk1.genblk1.genblk1.genblk1.genblk1.genblk1.lut0.genblk1.genblk1.genblk1.genblk1.genblk1.lut0 (4 -> 0)
  Optimizing lut $abc$5075$auto$blifparse.cc:525:parse_blif$5151.genblk1.genblk1.genblk1.genblk1.genblk1.genblk1.genblk1.genblk1.lut0.genblk1.genblk1.genblk1.genblk1.genblk1.genblk1.genblk1.lut0.genblk1.genblk1.genblk1.genblk1.genblk1.genblk1.lut1.genblk1.genblk1.genblk1.genblk1.genblk1.lut1 (4 -> 0)
  Optimizing lut $abc$5075$auto$blifparse.cc:525:parse_blif$5151.genblk1.genblk1.genblk1.genblk1.genblk1.genblk1.genblk1.genblk1.lut0.genblk1.genblk1.genblk1.genblk1.genblk1.genblk1.genblk1.lut1.genblk1.genblk1.genblk1.genblk1.genblk1.genblk1.lut1.genblk1.genblk1.genblk1.genblk1.genblk1.lut1 (4 -> 0)
  Optimizing lut $abc$5075$auto$blifparse.cc:525:parse_blif$5193.genblk1.genblk1.genblk1.genblk1.genblk1.genblk1.lut1.genblk1.genblk1.genblk1.genblk1.genblk1.lut0 (4 -> 0)
  Optimizing lut $abc$5075$auto$blifparse.cc:525:parse_blif$5188.genblk1.genblk1.genblk1.genblk1.genblk1.genblk1.lut0.genblk1.genblk1.genblk1.genblk1.genblk1.lut0 (4 -> 0)
  Optimizing lut $abc$5075$auto$blifparse.cc:525:parse_blif$5188.genblk1.genblk1.genblk1.genblk1.genblk1.genblk1.lut0.genblk1.genblk1.genblk1.genblk1.genblk1.lut1 (4 -> 1)
  Optimizing lut $abc$5075$auto$blifparse.cc:525:parse_blif$5110.genblk1.genblk1.genblk1.genblk1.genblk1.genblk1.lut1.genblk1.genblk1.genblk1.genblk1.genblk1.lut1 (4 -> 1)
  Optimizing lut $abc$5075$auto$blifparse.cc:525:parse_blif$5114.genblk1.genblk1.genblk1.genblk1.genblk1.genblk1.genblk1.genblk1.lut1.genblk1.genblk1.genblk1.genblk1.genblk1.genblk1.genblk1.lut1.genblk1.genblk1.genblk1.genblk1.genblk1.genblk1.lut1.genblk1.genblk1.genblk1.genblk1.genblk1.lut1 (4 -> 1)
  Optimizing lut $abc$5075$auto$blifparse.cc:525:parse_blif$5237.genblk1.genblk1.genblk1.genblk1.genblk1.genblk1.genblk1.genblk1.lut0.genblk1.genblk1.genblk1.genblk1.genblk1.genblk1.genblk1.lut0.genblk1.genblk1.genblk1.genblk1.genblk1.genblk1.lut0.genblk1.genblk1.genblk1.genblk1.genblk1.lut0 (4 -> 0)
  Optimizing lut $abc$5075$auto$blifparse.cc:525:parse_blif$5237.genblk1.genblk1.genblk1.genblk1.genblk1.genblk1.genblk1.genblk1.lut0.genblk1.genblk1.genblk1.genblk1.genblk1.genblk1.genblk1.lut0.genblk1.genblk1.genblk1.genblk1.genblk1.genblk1.lut1.genblk1.genblk1.genblk1.genblk1.genblk1.lut1 (4 -> 0)
  Optimizing lut $abc$5075$auto$blifparse.cc:525:parse_blif$5191.genblk1.genblk1.genblk1.genblk1.genblk1.genblk1.lut0.genblk1.genblk1.genblk1.genblk1.genblk1.lut0 (4 -> 0)
  Optimizing lut $abc$5075$auto$blifparse.cc:525:parse_blif$5107.genblk1.genblk1.genblk1.genblk1.genblk1.genblk1.genblk1.lut1.genblk1.genblk1.genblk1.genblk1.genblk1.genblk1.lut0.genblk1.genblk1.genblk1.genblk1.genblk1.lut1 (4 -> 2)
  Optimizing lut $abc$5075$auto$blifparse.cc:525:parse_blif$5133.genblk1.genblk1.genblk1.genblk1.genblk1.genblk1.lut1.genblk1.genblk1.genblk1.genblk1.genblk1.lut1 (4 -> 1)
  Optimizing lut $abc$5075$auto$blifparse.cc:525:parse_blif$5112.genblk1.genblk1.genblk1.genblk1.genblk1.genblk1.genblk1.genblk1.lut0.genblk1.genblk1.genblk1.genblk1.genblk1.genblk1.genblk1.lut0.genblk1.genblk1.genblk1.genblk1.genblk1.genblk1.lut0.genblk1.genblk1.genblk1.genblk1.genblk1.lut1 (4 -> 1)
  Optimizing lut $abc$5075$auto$blifparse.cc:525:parse_blif$5167.genblk1.genblk1.genblk1.genblk1.genblk1.genblk1.genblk1.lut0.genblk1.genblk1.genblk1.genblk1.genblk1.genblk1.lut0.genblk1.genblk1.genblk1.genblk1.genblk1.lut1 (4 -> 0)
  Optimizing lut $abc$5075$auto$blifparse.cc:525:parse_blif$5208.genblk1.genblk1.genblk1.genblk1.genblk1.genblk1.lut0.genblk1.genblk1.genblk1.genblk1.genblk1.lut1 (4 -> 0)
  Optimizing lut $abc$5075$auto$blifparse.cc:525:parse_blif$5088.genblk1.genblk1.genblk1.genblk1.genblk1.genblk1.genblk1.genblk1.lut0.genblk1.genblk1.genblk1.genblk1.genblk1.genblk1.genblk1.lut1.genblk1.genblk1.genblk1.genblk1.genblk1.genblk1.lut1.genblk1.genblk1.genblk1.genblk1.genblk1.lut0 (4 -> 0)
  Optimizing lut $abc$5075$auto$blifparse.cc:525:parse_blif$5094.genblk1.genblk1.genblk1.genblk1.genblk1.genblk1.lut0.genblk1.genblk1.genblk1.genblk1.genblk1.lut1 (4 -> 1)
  Optimizing lut $abc$5075$auto$blifparse.cc:525:parse_blif$5151.genblk1.genblk1.genblk1.genblk1.genblk1.genblk1.genblk1.genblk1.lut1.genblk1.genblk1.genblk1.genblk1.genblk1.genblk1.genblk1.lut0.genblk1.genblk1.genblk1.genblk1.genblk1.genblk1.lut1.genblk1.genblk1.genblk1.genblk1.genblk1.lut0 (4 -> 0)
  Optimizing lut $abc$5075$auto$blifparse.cc:525:parse_blif$5210.genblk1.genblk1.genblk1.genblk1.genblk1.genblk1.genblk1.genblk1.lut0.genblk1.genblk1.genblk1.genblk1.genblk1.genblk1.genblk1.lut1.genblk1.genblk1.genblk1.genblk1.genblk1.genblk1.lut1.genblk1.genblk1.genblk1.genblk1.genblk1.lut1 (4 -> 0)
  Optimizing lut $abc$5075$auto$blifparse.cc:525:parse_blif$5223.genblk1.genblk1.genblk1.genblk1.genblk1.genblk1.genblk1.genblk1.lut0.genblk1.genblk1.genblk1.genblk1.genblk1.genblk1.genblk1.lut0.genblk1.genblk1.genblk1.genblk1.genblk1.genblk1.lut1.genblk1.genblk1.genblk1.genblk1.genblk1.lut1 (4 -> 0)
  Optimizing lut $abc$5075$auto$blifparse.cc:525:parse_blif$5114.genblk1.genblk1.genblk1.genblk1.genblk1.genblk1.genblk1.genblk1.lut0.genblk1.genblk1.genblk1.genblk1.genblk1.genblk1.genblk1.lut1.genblk1.genblk1.genblk1.genblk1.genblk1.genblk1.lut1.genblk1.genblk1.genblk1.genblk1.genblk1.lut1 (4 -> 0)
  Optimizing lut $abc$5075$auto$blifparse.cc:525:parse_blif$5114.genblk1.genblk1.genblk1.genblk1.genblk1.genblk1.genblk1.genblk1.lut0.genblk1.genblk1.genblk1.genblk1.genblk1.genblk1.genblk1.lut0.genblk1.genblk1.genblk1.genblk1.genblk1.genblk1.lut1.genblk1.genblk1.genblk1.genblk1.genblk1.lut1 (4 -> 0)
  Optimizing lut $abc$5075$auto$blifparse.cc:525:parse_blif$5096.genblk1.genblk1.genblk1.genblk1.genblk1.genblk1.genblk1.lut1.genblk1.genblk1.genblk1.genblk1.genblk1.genblk1.lut1.genblk1.genblk1.genblk1.genblk1.genblk1.lut0 (4 -> 0)
  Optimizing lut $abc$5075$auto$blifparse.cc:525:parse_blif$5114.genblk1.genblk1.genblk1.genblk1.genblk1.genblk1.genblk1.genblk1.lut1.genblk1.genblk1.genblk1.genblk1.genblk1.genblk1.genblk1.lut1.genblk1.genblk1.genblk1.genblk1.genblk1.genblk1.lut1.genblk1.genblk1.genblk1.genblk1.genblk1.lut0 (4 -> 1)
  Optimizing lut $abc$5075$auto$blifparse.cc:525:parse_blif$5205.genblk1.genblk1.genblk1.genblk1.genblk1.genblk1.genblk1.genblk1.lut1.genblk1.genblk1.genblk1.genblk1.genblk1.genblk1.genblk1.lut0.genblk1.genblk1.genblk1.genblk1.genblk1.genblk1.lut0.genblk1.genblk1.genblk1.genblk1.genblk1.lut0 (4 -> 0)
  Optimizing lut $abc$5075$auto$blifparse.cc:525:parse_blif$5203.genblk1.genblk1.genblk1.genblk1.genblk1.genblk1.lut0.genblk1.genblk1.genblk1.genblk1.genblk1.lut1 (4 -> 0)
  Optimizing lut $abc$5075$auto$blifparse.cc:525:parse_blif$5193.genblk1.genblk1.genblk1.genblk1.genblk1.genblk1.lut0.genblk1.genblk1.genblk1.genblk1.genblk1.lut0 (4 -> 0)
  Optimizing lut $abc$5075$auto$blifparse.cc:525:parse_blif$5246.genblk1.genblk1.genblk1.genblk1.genblk1.genblk1.genblk1.genblk1.lut0.genblk1.genblk1.genblk1.genblk1.genblk1.genblk1.genblk1.lut0.genblk1.genblk1.genblk1.genblk1.genblk1.genblk1.lut1.genblk1.genblk1.genblk1.genblk1.genblk1.lut1 (4 -> 0)
  Optimizing lut $abc$5075$auto$blifparse.cc:525:parse_blif$5220.genblk1.genblk1.genblk1.genblk1.genblk1.lut1 (4 -> 0)
  Optimizing lut $abc$5075$auto$blifparse.cc:525:parse_blif$5221.genblk1.genblk1.genblk1.genblk1.genblk1.genblk1.genblk1.genblk1.lut0.genblk1.genblk1.genblk1.genblk1.genblk1.genblk1.genblk1.lut1.genblk1.genblk1.genblk1.genblk1.genblk1.genblk1.lut0.genblk1.genblk1.genblk1.genblk1.genblk1.lut1 (4 -> 0)
  Optimizing lut $abc$5075$auto$blifparse.cc:525:parse_blif$5224.genblk1.genblk1.genblk1.genblk1.genblk1.genblk1.genblk1.lut0.genblk1.genblk1.genblk1.genblk1.genblk1.genblk1.lut0.genblk1.genblk1.genblk1.genblk1.genblk1.lut1 (4 -> 0)
  Optimizing lut $abc$5075$auto$blifparse.cc:525:parse_blif$5226.genblk1.genblk1.genblk1.genblk1.genblk1.genblk1.genblk1.genblk1.lut0.genblk1.genblk1.genblk1.genblk1.genblk1.genblk1.genblk1.lut1.genblk1.genblk1.genblk1.genblk1.genblk1.genblk1.lut0.genblk1.genblk1.genblk1.genblk1.genblk1.lut1 (4 -> 0)
  Optimizing lut $abc$5075$auto$blifparse.cc:525:parse_blif$5226.genblk1.genblk1.genblk1.genblk1.genblk1.genblk1.genblk1.genblk1.lut1.genblk1.genblk1.genblk1.genblk1.genblk1.genblk1.genblk1.lut1.genblk1.genblk1.genblk1.genblk1.genblk1.genblk1.lut0.genblk1.genblk1.genblk1.genblk1.genblk1.lut1 (4 -> 2)
  Optimizing lut $abc$5075$auto$blifparse.cc:525:parse_blif$5151.genblk1.genblk1.genblk1.genblk1.genblk1.genblk1.genblk1.genblk1.lut0.genblk1.genblk1.genblk1.genblk1.genblk1.genblk1.genblk1.lut0.genblk1.genblk1.genblk1.genblk1.genblk1.genblk1.lut0.genblk1.genblk1.genblk1.genblk1.genblk1.lut0 (4 -> 0)
  Optimizing lut $abc$5075$auto$blifparse.cc:525:parse_blif$5237.genblk1.genblk1.genblk1.genblk1.genblk1.genblk1.genblk1.genblk1.lut1.genblk1.genblk1.genblk1.genblk1.genblk1.genblk1.genblk1.lut1.genblk1.genblk1.genblk1.genblk1.genblk1.genblk1.lut0.genblk1.genblk1.genblk1.genblk1.genblk1.lut1 (4 -> 2)
  Optimizing lut $abc$5075$auto$blifparse.cc:525:parse_blif$5209.genblk1.genblk1.genblk1.genblk1.genblk1.genblk1.genblk1.lut0.genblk1.genblk1.genblk1.genblk1.genblk1.genblk1.lut0.genblk1.genblk1.genblk1.genblk1.genblk1.lut0 (4 -> 0)
  Optimizing lut $abc$5075$auto$blifparse.cc:525:parse_blif$5242.genblk1.genblk1.genblk1.genblk1.genblk1.genblk1.genblk1.genblk1.lut0.genblk1.genblk1.genblk1.genblk1.genblk1.genblk1.genblk1.lut0.genblk1.genblk1.genblk1.genblk1.genblk1.genblk1.lut1.genblk1.genblk1.genblk1.genblk1.genblk1.lut0 (4 -> 0)
  Optimizing lut $abc$5075$auto$blifparse.cc:525:parse_blif$5242.genblk1.genblk1.genblk1.genblk1.genblk1.genblk1.genblk1.genblk1.lut0.genblk1.genblk1.genblk1.genblk1.genblk1.genblk1.genblk1.lut1.genblk1.genblk1.genblk1.genblk1.genblk1.genblk1.lut0.genblk1.genblk1.genblk1.genblk1.genblk1.lut1 (4 -> 0)
  Optimizing lut $abc$5075$auto$blifparse.cc:525:parse_blif$5239.genblk1.genblk1.genblk1.genblk1.genblk1.genblk1.genblk1.genblk1.lut1.genblk1.genblk1.genblk1.genblk1.genblk1.genblk1.genblk1.lut1.genblk1.genblk1.genblk1.genblk1.genblk1.genblk1.lut0.genblk1.genblk1.genblk1.genblk1.genblk1.lut1 (4 -> 2)
  Optimizing lut $abc$5075$auto$blifparse.cc:525:parse_blif$5242.genblk1.genblk1.genblk1.genblk1.genblk1.genblk1.genblk1.genblk1.lut1.genblk1.genblk1.genblk1.genblk1.genblk1.genblk1.genblk1.lut1.genblk1.genblk1.genblk1.genblk1.genblk1.genblk1.lut0.genblk1.genblk1.genblk1.genblk1.genblk1.lut1 (4 -> 2)
  Optimizing lut $abc$5075$auto$blifparse.cc:525:parse_blif$5243.genblk1.genblk1.genblk1.genblk1.genblk1.genblk1.genblk1.lut1.genblk1.genblk1.genblk1.genblk1.genblk1.genblk1.lut0.genblk1.genblk1.genblk1.genblk1.genblk1.lut1 (4 -> 0)
  Optimizing lut $abc$5075$auto$blifparse.cc:525:parse_blif$5237.genblk1.genblk1.genblk1.genblk1.genblk1.genblk1.genblk1.genblk1.lut1.genblk1.genblk1.genblk1.genblk1.genblk1.genblk1.genblk1.lut0.genblk1.genblk1.genblk1.genblk1.genblk1.genblk1.lut1.genblk1.genblk1.genblk1.genblk1.genblk1.lut1 (4 -> 1)
  Optimizing lut $abc$5075$auto$blifparse.cc:525:parse_blif$5133.genblk1.genblk1.genblk1.genblk1.genblk1.genblk1.lut1.genblk1.genblk1.genblk1.genblk1.genblk1.lut0 (4 -> 0)
  Optimizing lut $abc$5075$auto$blifparse.cc:525:parse_blif$5243.genblk1.genblk1.genblk1.genblk1.genblk1.genblk1.genblk1.lut0.genblk1.genblk1.genblk1.genblk1.genblk1.genblk1.lut0.genblk1.genblk1.genblk1.genblk1.genblk1.lut1 (4 -> 0)
  Optimizing lut $abc$5075$auto$blifparse.cc:525:parse_blif$5245.genblk1.genblk1.genblk1.genblk1.genblk1.genblk1.genblk1.genblk1.lut0.genblk1.genblk1.genblk1.genblk1.genblk1.genblk1.genblk1.lut1.genblk1.genblk1.genblk1.genblk1.genblk1.genblk1.lut0.genblk1.genblk1.genblk1.genblk1.genblk1.lut1 (4 -> 0)
  Optimizing lut $abc$5075$auto$blifparse.cc:525:parse_blif$5245.genblk1.genblk1.genblk1.genblk1.genblk1.genblk1.genblk1.genblk1.lut1.genblk1.genblk1.genblk1.genblk1.genblk1.genblk1.genblk1.lut1.genblk1.genblk1.genblk1.genblk1.genblk1.genblk1.lut0.genblk1.genblk1.genblk1.genblk1.genblk1.lut1 (4 -> 0)
  Optimizing lut $abc$5075$auto$blifparse.cc:525:parse_blif$5239.genblk1.genblk1.genblk1.genblk1.genblk1.genblk1.genblk1.genblk1.lut1.genblk1.genblk1.genblk1.genblk1.genblk1.genblk1.genblk1.lut1.genblk1.genblk1.genblk1.genblk1.genblk1.genblk1.lut1.genblk1.genblk1.genblk1.genblk1.genblk1.lut0 (4 -> 1)
  Optimizing lut $abc$5075$auto$blifparse.cc:525:parse_blif$5242.genblk1.genblk1.genblk1.genblk1.genblk1.genblk1.genblk1.genblk1.lut1.genblk1.genblk1.genblk1.genblk1.genblk1.genblk1.genblk1.lut0.genblk1.genblk1.genblk1.genblk1.genblk1.genblk1.lut1.genblk1.genblk1.genblk1.genblk1.genblk1.lut0 (4 -> 1)
  Optimizing lut $abc$5075$auto$blifparse.cc:525:parse_blif$5152.genblk1.genblk1.genblk1.genblk1.genblk1.genblk1.genblk1.genblk1.lut0.genblk1.genblk1.genblk1.genblk1.genblk1.genblk1.genblk1.lut1.genblk1.genblk1.genblk1.genblk1.genblk1.genblk1.lut0.genblk1.genblk1.genblk1.genblk1.genblk1.lut1 (4 -> 0)
  Optimizing lut $abc$5075$auto$blifparse.cc:525:parse_blif$5156.genblk1.genblk1.genblk1.genblk1.genblk1.genblk1.lut1.genblk1.genblk1.genblk1.genblk1.genblk1.lut0 (4 -> 0)
  Optimizing lut $abc$5075$auto$blifparse.cc:525:parse_blif$5195.genblk1.genblk1.genblk1.genblk1.genblk1.genblk1.lut0.genblk1.genblk1.genblk1.genblk1.genblk1.lut0 (4 -> 0)
  Optimizing lut $abc$5075$auto$blifparse.cc:525:parse_blif$5191.genblk1.genblk1.genblk1.genblk1.genblk1.genblk1.lut1.genblk1.genblk1.genblk1.genblk1.genblk1.lut0 (4 -> 0)
  Optimizing lut $abc$5075$auto$blifparse.cc:525:parse_blif$5192.genblk1.genblk1.genblk1.genblk1.genblk1.genblk1.lut0.genblk1.genblk1.genblk1.genblk1.genblk1.lut0 (4 -> 0)
  Optimizing lut $abc$5075$auto$blifparse.cc:525:parse_blif$5192.genblk1.genblk1.genblk1.genblk1.genblk1.genblk1.lut1.genblk1.genblk1.genblk1.genblk1.genblk1.lut0 (4 -> 0)
  Optimizing lut $abc$5075$auto$blifparse.cc:525:parse_blif$5091.genblk1.genblk1.genblk1.genblk1.genblk1.genblk1.genblk1.lut1.genblk1.genblk1.genblk1.genblk1.genblk1.genblk1.lut0.genblk1.genblk1.genblk1.genblk1.genblk1.lut0 (4 -> 0)
  Optimizing lut $abc$5075$auto$blifparse.cc:525:parse_blif$5104.genblk1.genblk1.genblk1.genblk1.genblk1.genblk1.lut1.genblk1.genblk1.genblk1.genblk1.genblk1.lut0 (4 -> 0)
  Optimizing lut $abc$5075$auto$blifparse.cc:525:parse_blif$5233.genblk1.genblk1.genblk1.genblk1.genblk1.lut0 (4 -> 0)
  Optimizing lut $abc$5075$auto$blifparse.cc:525:parse_blif$5158.genblk1.genblk1.genblk1.genblk1.genblk1.lut1 (4 -> 2)
  Optimizing lut $abc$5075$auto$blifparse.cc:525:parse_blif$5210.genblk1.genblk1.genblk1.genblk1.genblk1.genblk1.genblk1.genblk1.lut1.genblk1.genblk1.genblk1.genblk1.genblk1.genblk1.genblk1.lut0.genblk1.genblk1.genblk1.genblk1.genblk1.genblk1.lut0.genblk1.genblk1.genblk1.genblk1.genblk1.lut1 (4 -> 1)
  Optimizing lut $abc$5075$auto$blifparse.cc:525:parse_blif$5113.genblk1.genblk1.genblk1.genblk1.genblk1.genblk1.genblk1.lut0.genblk1.genblk1.genblk1.genblk1.genblk1.genblk1.lut0.genblk1.genblk1.genblk1.genblk1.genblk1.lut0 (4 -> 0)
  Optimizing lut $abc$5075$auto$blifparse.cc:525:parse_blif$5194.genblk1.genblk1.genblk1.genblk1.genblk1.genblk1.lut1.genblk1.genblk1.genblk1.genblk1.genblk1.lut0 (4 -> 0)
  Optimizing lut $abc$5075$auto$blifparse.cc:525:parse_blif$5196.genblk1.genblk1.genblk1.genblk1.genblk1.lut0 (4 -> 2)
  Optimizing lut $abc$5075$auto$blifparse.cc:525:parse_blif$5113.genblk1.genblk1.genblk1.genblk1.genblk1.genblk1.genblk1.lut0.genblk1.genblk1.genblk1.genblk1.genblk1.genblk1.lut0.genblk1.genblk1.genblk1.genblk1.genblk1.lut1 (4 -> 0)
  Optimizing lut $abc$5075$auto$blifparse.cc:525:parse_blif$5195.genblk1.genblk1.genblk1.genblk1.genblk1.genblk1.lut1.genblk1.genblk1.genblk1.genblk1.genblk1.lut1 (4 -> 1)
  Optimizing lut $abc$5075$auto$blifparse.cc:525:parse_blif$5093.genblk1.genblk1.genblk1.genblk1.genblk1.genblk1.lut1.genblk1.genblk1.genblk1.genblk1.genblk1.lut1 (4 -> 1)
  Optimizing lut $abc$5075$auto$blifparse.cc:525:parse_blif$5152.genblk1.genblk1.genblk1.genblk1.genblk1.genblk1.genblk1.genblk1.lut0.genblk1.genblk1.genblk1.genblk1.genblk1.genblk1.genblk1.lut1.genblk1.genblk1.genblk1.genblk1.genblk1.genblk1.lut0.genblk1.genblk1.genblk1.genblk1.genblk1.lut0 (4 -> 0)
  Optimizing lut $abc$5075$auto$blifparse.cc:525:parse_blif$5195.genblk1.genblk1.genblk1.genblk1.genblk1.genblk1.lut1.genblk1.genblk1.genblk1.genblk1.genblk1.lut0 (4 -> 0)
  Optimizing lut $abc$5075$auto$blifparse.cc:525:parse_blif$5088.genblk1.genblk1.genblk1.genblk1.genblk1.genblk1.genblk1.genblk1.lut1.genblk1.genblk1.genblk1.genblk1.genblk1.genblk1.genblk1.lut0.genblk1.genblk1.genblk1.genblk1.genblk1.genblk1.lut1.genblk1.genblk1.genblk1.genblk1.genblk1.lut1 (4 -> 0)
  Optimizing lut $abc$5075$auto$blifparse.cc:525:parse_blif$5142.genblk1.genblk1.genblk1.genblk1.genblk1.genblk1.lut0.genblk1.genblk1.genblk1.genblk1.genblk1.lut0 (4 -> 0)
  Optimizing lut $abc$5075$auto$blifparse.cc:525:parse_blif$5090.genblk1.genblk1.genblk1.genblk1.genblk1.genblk1.genblk1.lut1.genblk1.genblk1.genblk1.genblk1.genblk1.genblk1.lut0.genblk1.genblk1.genblk1.genblk1.genblk1.lut1 (4 -> 0)
  Optimizing lut $abc$5075$auto$blifparse.cc:525:parse_blif$5143.genblk1.genblk1.genblk1.genblk1.genblk1.genblk1.lut0.genblk1.genblk1.genblk1.genblk1.genblk1.lut0 (4 -> 0)
  Optimizing lut $abc$5075$auto$blifparse.cc:525:parse_blif$5166.genblk1.genblk1.genblk1.genblk1.genblk1.genblk1.lut0.genblk1.genblk1.genblk1.genblk1.genblk1.lut1 (4 -> 0)
  Optimizing lut $abc$5075$auto$blifparse.cc:525:parse_blif$5223.genblk1.genblk1.genblk1.genblk1.genblk1.genblk1.genblk1.genblk1.lut1.genblk1.genblk1.genblk1.genblk1.genblk1.genblk1.genblk1.lut0.genblk1.genblk1.genblk1.genblk1.genblk1.genblk1.lut0.genblk1.genblk1.genblk1.genblk1.genblk1.lut1 (4 -> 1)
  Optimizing lut $abc$5075$auto$blifparse.cc:525:parse_blif$5137.genblk1.genblk1.genblk1.genblk1.genblk1.genblk1.lut1.genblk1.genblk1.genblk1.genblk1.genblk1.lut1 (4 -> 1)
  Optimizing lut $abc$5075$auto$blifparse.cc:525:parse_blif$5146.genblk1.genblk1.genblk1.genblk1.genblk1.lut1 (4 -> 2)
  Optimizing lut $abc$5075$auto$blifparse.cc:525:parse_blif$5147.genblk1.genblk1.genblk1.genblk1.genblk1.genblk1.lut0.genblk1.genblk1.genblk1.genblk1.genblk1.lut0 (4 -> 0)
  Optimizing lut $abc$5075$auto$blifparse.cc:525:parse_blif$5145.genblk1.genblk1.genblk1.genblk1.genblk1.genblk1.genblk1.lut1.genblk1.genblk1.genblk1.genblk1.genblk1.genblk1.lut0.genblk1.genblk1.genblk1.genblk1.genblk1.lut0 (4 -> 0)
  Optimizing lut $abc$5075$auto$blifparse.cc:525:parse_blif$5140.genblk1.genblk1.genblk1.genblk1.genblk1.genblk1.lut0.genblk1.genblk1.genblk1.genblk1.genblk1.lut0 (4 -> 0)
  Optimizing lut $abc$5075$auto$blifparse.cc:525:parse_blif$5144.genblk1.genblk1.genblk1.genblk1.genblk1.genblk1.lut0.genblk1.genblk1.genblk1.genblk1.genblk1.lut1 (4 -> 0)
  Optimizing lut $abc$5075$auto$blifparse.cc:525:parse_blif$5139.genblk1.genblk1.genblk1.genblk1.genblk1.genblk1.lut0.genblk1.genblk1.genblk1.genblk1.genblk1.lut0 (4 -> 0)
  Optimizing lut $abc$5075$auto$blifparse.cc:525:parse_blif$5140.genblk1.genblk1.genblk1.genblk1.genblk1.genblk1.lut1.genblk1.genblk1.genblk1.genblk1.genblk1.lut0 (4 -> 0)
  Optimizing lut $abc$5075$auto$blifparse.cc:525:parse_blif$5194.genblk1.genblk1.genblk1.genblk1.genblk1.genblk1.lut0.genblk1.genblk1.genblk1.genblk1.genblk1.lut0 (4 -> 0)
  Optimizing lut $abc$5075$auto$blifparse.cc:525:parse_blif$5204.genblk1.genblk1.genblk1.genblk1.genblk1.genblk1.genblk1.genblk1.lut0.genblk1.genblk1.genblk1.genblk1.genblk1.genblk1.genblk1.lut1.genblk1.genblk1.genblk1.genblk1.genblk1.genblk1.lut1.genblk1.genblk1.genblk1.genblk1.genblk1.lut0 (4 -> 0)
  Optimizing lut $abc$5075$auto$blifparse.cc:525:parse_blif$5190.genblk1.genblk1.genblk1.genblk1.genblk1.lut0 (4 -> 0)
  Optimizing lut $abc$5075$auto$blifparse.cc:525:parse_blif$5088.genblk1.genblk1.genblk1.genblk1.genblk1.genblk1.genblk1.genblk1.lut1.genblk1.genblk1.genblk1.genblk1.genblk1.genblk1.genblk1.lut1.genblk1.genblk1.genblk1.genblk1.genblk1.genblk1.lut1.genblk1.genblk1.genblk1.genblk1.genblk1.lut0 (4 -> 1)
  Optimizing lut $abc$5075$auto$blifparse.cc:525:parse_blif$5161.genblk1.genblk1.genblk1.genblk1.genblk1.genblk1.lut1.genblk1.genblk1.genblk1.genblk1.genblk1.lut0 (4 -> 0)
  Optimizing lut $abc$5075$auto$blifparse.cc:525:parse_blif$5205.genblk1.genblk1.genblk1.genblk1.genblk1.genblk1.genblk1.genblk1.lut1.genblk1.genblk1.genblk1.genblk1.genblk1.genblk1.genblk1.lut0.genblk1.genblk1.genblk1.genblk1.genblk1.genblk1.lut1.genblk1.genblk1.genblk1.genblk1.genblk1.lut0 (4 -> 2)
  Optimizing lut $abc$5075$auto$blifparse.cc:525:parse_blif$5088.genblk1.genblk1.genblk1.genblk1.genblk1.genblk1.genblk1.genblk1.lut0.genblk1.genblk1.genblk1.genblk1.genblk1.genblk1.genblk1.lut0.genblk1.genblk1.genblk1.genblk1.genblk1.genblk1.lut1.genblk1.genblk1.genblk1.genblk1.genblk1.lut1 (4 -> 0)
  Optimizing lut $abc$5075$auto$blifparse.cc:525:parse_blif$5163.genblk1.genblk1.genblk1.genblk1.genblk1.genblk1.lut1.genblk1.genblk1.genblk1.genblk1.genblk1.lut0 (4 -> 0)
  Optimizing lut $abc$5075$auto$blifparse.cc:525:parse_blif$5131.genblk1.genblk1.genblk1.genblk1.genblk1.genblk1.genblk1.genblk1.lut0.genblk1.genblk1.genblk1.genblk1.genblk1.genblk1.genblk1.lut0.genblk1.genblk1.genblk1.genblk1.genblk1.genblk1.lut1.genblk1.genblk1.genblk1.genblk1.genblk1.lut1 (4 -> 0)
  Optimizing lut $abc$5075$auto$blifparse.cc:525:parse_blif$5102.genblk1.genblk1.genblk1.genblk1.genblk1.genblk1.lut0.genblk1.genblk1.genblk1.genblk1.genblk1.lut0 (4 -> 0)
  Optimizing lut $abc$5075$auto$blifparse.cc:525:parse_blif$5108.genblk1.genblk1.genblk1.genblk1.genblk1.genblk1.genblk1.lut0.genblk1.genblk1.genblk1.genblk1.genblk1.genblk1.lut0.genblk1.genblk1.genblk1.genblk1.genblk1.lut1 (4 -> 0)
  Optimizing lut $abc$5075$auto$blifparse.cc:525:parse_blif$5097.genblk1.genblk1.genblk1.genblk1.genblk1.genblk1.lut1.genblk1.genblk1.genblk1.genblk1.genblk1.lut1 (4 -> 1)
  Optimizing lut $abc$5075$auto$blifparse.cc:525:parse_blif$5107.genblk1.genblk1.genblk1.genblk1.genblk1.genblk1.genblk1.lut0.genblk1.genblk1.genblk1.genblk1.genblk1.genblk1.lut0.genblk1.genblk1.genblk1.genblk1.genblk1.lut0 (4 -> 2)
  Optimizing lut $abc$5075$auto$blifparse.cc:525:parse_blif$5221.genblk1.genblk1.genblk1.genblk1.genblk1.genblk1.genblk1.genblk1.lut1.genblk1.genblk1.genblk1.genblk1.genblk1.genblk1.genblk1.lut1.genblk1.genblk1.genblk1.genblk1.genblk1.genblk1.lut0.genblk1.genblk1.genblk1.genblk1.genblk1.lut1 (4 -> 0)
  Optimizing lut $abc$5075$auto$blifparse.cc:525:parse_blif$5248.genblk1.genblk1.genblk1.genblk1.genblk1.genblk1.genblk1.lut1.genblk1.genblk1.genblk1.genblk1.genblk1.genblk1.lut0.genblk1.genblk1.genblk1.genblk1.genblk1.lut1 (4 -> 0)
  Optimizing lut $abc$5075$auto$blifparse.cc:525:parse_blif$5099.genblk1.genblk1.genblk1.genblk1.genblk1.genblk1.lut0.genblk1.genblk1.genblk1.genblk1.genblk1.lut0 (4 -> 0)
  Optimizing lut $abc$5075$auto$blifparse.cc:525:parse_blif$5097.genblk1.genblk1.genblk1.genblk1.genblk1.genblk1.lut0.genblk1.genblk1.genblk1.genblk1.genblk1.lut0 (4 -> 0)
  Optimizing lut $abc$5075$auto$blifparse.cc:525:parse_blif$5203.genblk1.genblk1.genblk1.genblk1.genblk1.genblk1.lut1.genblk1.genblk1.genblk1.genblk1.genblk1.lut1 (4 -> 0)
  Optimizing lut $abc$5075$auto$blifparse.cc:525:parse_blif$5096.genblk1.genblk1.genblk1.genblk1.genblk1.genblk1.genblk1.lut1.genblk1.genblk1.genblk1.genblk1.genblk1.genblk1.lut1.genblk1.genblk1.genblk1.genblk1.genblk1.lut1 (4 -> 1)
  Optimizing lut $abc$5075$auto$blifparse.cc:525:parse_blif$5114.genblk1.genblk1.genblk1.genblk1.genblk1.genblk1.genblk1.genblk1.lut1.genblk1.genblk1.genblk1.genblk1.genblk1.genblk1.genblk1.lut0.genblk1.genblk1.genblk1.genblk1.genblk1.genblk1.lut0.genblk1.genblk1.genblk1.genblk1.genblk1.lut0 (4 -> 0)
  Optimizing lut $abc$5075$auto$blifparse.cc:525:parse_blif$5113.genblk1.genblk1.genblk1.genblk1.genblk1.genblk1.genblk1.lut0.genblk1.genblk1.genblk1.genblk1.genblk1.genblk1.lut1.genblk1.genblk1.genblk1.genblk1.genblk1.lut0 (4 -> 0)
  Optimizing lut $abc$5075$auto$blifparse.cc:525:parse_blif$5102.genblk1.genblk1.genblk1.genblk1.genblk1.genblk1.lut1.genblk1.genblk1.genblk1.genblk1.genblk1.lut0 (4 -> 0)
  Optimizing lut $abc$5075$auto$blifparse.cc:525:parse_blif$5104.genblk1.genblk1.genblk1.genblk1.genblk1.genblk1.lut0.genblk1.genblk1.genblk1.genblk1.genblk1.lut0 (4 -> 0)
  Optimizing lut $abc$5075$auto$blifparse.cc:525:parse_blif$5097.genblk1.genblk1.genblk1.genblk1.genblk1.genblk1.lut1.genblk1.genblk1.genblk1.genblk1.genblk1.lut0 (4 -> 0)
  Optimizing lut $abc$5075$auto$blifparse.cc:525:parse_blif$5166.genblk1.genblk1.genblk1.genblk1.genblk1.genblk1.lut1.genblk1.genblk1.genblk1.genblk1.genblk1.lut1 (4 -> 0)
  Optimizing lut $abc$5075$auto$blifparse.cc:525:parse_blif$5101.genblk1.genblk1.genblk1.genblk1.genblk1.lut0 (4 -> 2)
  Optimizing lut $abc$5075$auto$blifparse.cc:525:parse_blif$5093.genblk1.genblk1.genblk1.genblk1.genblk1.genblk1.lut1.genblk1.genblk1.genblk1.genblk1.genblk1.lut0 (4 -> 0)
  Optimizing lut $abc$5075$auto$blifparse.cc:525:parse_blif$5184.genblk1.genblk1.genblk1.genblk1.genblk1.lut0 (4 -> 2)
  Optimizing lut $abc$5075$auto$blifparse.cc:525:parse_blif$5210.genblk1.genblk1.genblk1.genblk1.genblk1.genblk1.genblk1.genblk1.lut1.genblk1.genblk1.genblk1.genblk1.genblk1.genblk1.genblk1.lut1.genblk1.genblk1.genblk1.genblk1.genblk1.genblk1.lut0.genblk1.genblk1.genblk1.genblk1.genblk1.lut1 (4 -> 2)
  Optimizing lut $abc$5075$auto$blifparse.cc:525:parse_blif$5210.genblk1.genblk1.genblk1.genblk1.genblk1.genblk1.genblk1.genblk1.lut0.genblk1.genblk1.genblk1.genblk1.genblk1.genblk1.genblk1.lut1.genblk1.genblk1.genblk1.genblk1.genblk1.genblk1.lut0.genblk1.genblk1.genblk1.genblk1.genblk1.lut1 (4 -> 0)
  Optimizing lut $abc$5075$auto$blifparse.cc:525:parse_blif$5152.genblk1.genblk1.genblk1.genblk1.genblk1.genblk1.genblk1.genblk1.lut1.genblk1.genblk1.genblk1.genblk1.genblk1.genblk1.genblk1.lut1.genblk1.genblk1.genblk1.genblk1.genblk1.genblk1.lut0.genblk1.genblk1.genblk1.genblk1.genblk1.lut1 (4 -> 0)
  Optimizing lut $abc$5075$auto$blifparse.cc:525:parse_blif$5089.genblk1.genblk1.genblk1.genblk1.genblk1.genblk1.lut1.genblk1.genblk1.genblk1.genblk1.genblk1.lut0 (4 -> 0)
  Optimizing lut $abc$5075$auto$blifparse.cc:525:parse_blif$5235.genblk1.genblk1.genblk1.genblk1.genblk1.genblk1.genblk1.lut0.genblk1.genblk1.genblk1.genblk1.genblk1.genblk1.lut1.genblk1.genblk1.genblk1.genblk1.genblk1.lut0 (4 -> 0)
  Optimizing lut $abc$5075$auto$blifparse.cc:525:parse_blif$5094.genblk1.genblk1.genblk1.genblk1.genblk1.genblk1.lut0.genblk1.genblk1.genblk1.genblk1.genblk1.lut0 (4 -> 0)
  Optimizing lut $abc$5075$auto$blifparse.cc:525:parse_blif$5096.genblk1.genblk1.genblk1.genblk1.genblk1.genblk1.genblk1.lut0.genblk1.genblk1.genblk1.genblk1.genblk1.genblk1.lut1.genblk1.genblk1.genblk1.genblk1.genblk1.lut1 (4 -> 0)
  Optimizing lut $abc$5075$auto$blifparse.cc:525:parse_blif$5243.genblk1.genblk1.genblk1.genblk1.genblk1.genblk1.genblk1.lut1.genblk1.genblk1.genblk1.genblk1.genblk1.genblk1.lut0.genblk1.genblk1.genblk1.genblk1.genblk1.lut0 (4 -> 1)
  Optimizing lut $abc$5075$auto$blifparse.cc:525:parse_blif$5114.genblk1.genblk1.genblk1.genblk1.genblk1.genblk1.genblk1.genblk1.lut1.genblk1.genblk1.genblk1.genblk1.genblk1.genblk1.genblk1.lut1.genblk1.genblk1.genblk1.genblk1.genblk1.genblk1.lut0.genblk1.genblk1.genblk1.genblk1.genblk1.lut1 (4 -> 0)
  Optimizing lut $abc$5075$auto$blifparse.cc:525:parse_blif$5242.genblk1.genblk1.genblk1.genblk1.genblk1.genblk1.genblk1.genblk1.lut0.genblk1.genblk1.genblk1.genblk1.genblk1.genblk1.genblk1.lut1.genblk1.genblk1.genblk1.genblk1.genblk1.genblk1.lut0.genblk1.genblk1.genblk1.genblk1.genblk1.lut0 (4 -> 0)
  Optimizing lut $abc$5075$auto$blifparse.cc:525:parse_blif$5167.genblk1.genblk1.genblk1.genblk1.genblk1.genblk1.genblk1.lut1.genblk1.genblk1.genblk1.genblk1.genblk1.genblk1.lut1.genblk1.genblk1.genblk1.genblk1.genblk1.lut0 (4 -> 0)
  Optimizing lut $abc$5075$auto$blifparse.cc:525:parse_blif$5112.genblk1.genblk1.genblk1.genblk1.genblk1.genblk1.genblk1.genblk1.lut0.genblk1.genblk1.genblk1.genblk1.genblk1.genblk1.genblk1.lut1.genblk1.genblk1.genblk1.genblk1.genblk1.genblk1.lut0.genblk1.genblk1.genblk1.genblk1.genblk1.lut1 (4 -> 1)
  Optimizing lut $abc$5075$auto$blifparse.cc:525:parse_blif$5168.genblk1.genblk1.genblk1.genblk1.genblk1.genblk1.lut0.genblk1.genblk1.genblk1.genblk1.genblk1.lut1 (4 -> 1)
  Optimizing lut $abc$5075$auto$blifparse.cc:525:parse_blif$5205.genblk1.genblk1.genblk1.genblk1.genblk1.genblk1.genblk1.genblk1.lut0.genblk1.genblk1.genblk1.genblk1.genblk1.genblk1.genblk1.lut1.genblk1.genblk1.genblk1.genblk1.genblk1.genblk1.lut0.genblk1.genblk1.genblk1.genblk1.genblk1.lut1 (4 -> 0)
  Optimizing lut $abc$5075$auto$blifparse.cc:525:parse_blif$5136.genblk1.genblk1.genblk1.genblk1.genblk1.lut1 (4 -> 2)
  Optimizing lut $abc$5075$auto$blifparse.cc:525:parse_blif$5116.genblk1.genblk1.genblk1.genblk1.genblk1.lut0 (4 -> 1)
  Optimizing lut $abc$5075$auto$blifparse.cc:525:parse_blif$5095.genblk1.genblk1.genblk1.genblk1.genblk1.lut0 (4 -> 1)
  Optimizing lut $abc$5075$auto$blifparse.cc:525:parse_blif$5151.genblk1.genblk1.genblk1.genblk1.genblk1.genblk1.genblk1.genblk1.lut0.genblk1.genblk1.genblk1.genblk1.genblk1.genblk1.genblk1.lut0.genblk1.genblk1.genblk1.genblk1.genblk1.genblk1.lut1.genblk1.genblk1.genblk1.genblk1.genblk1.lut0 (4 -> 0)
  Optimizing lut $abc$5075$auto$blifparse.cc:525:parse_blif$5156.genblk1.genblk1.genblk1.genblk1.genblk1.genblk1.lut0.genblk1.genblk1.genblk1.genblk1.genblk1.lut0 (4 -> 0)
  Optimizing lut $abc$5075$auto$blifparse.cc:525:parse_blif$5235.genblk1.genblk1.genblk1.genblk1.genblk1.genblk1.genblk1.lut1.genblk1.genblk1.genblk1.genblk1.genblk1.genblk1.lut1.genblk1.genblk1.genblk1.genblk1.genblk1.lut0 (4 -> 2)
  Optimizing lut $abc$5075$auto$blifparse.cc:525:parse_blif$5246.genblk1.genblk1.genblk1.genblk1.genblk1.genblk1.genblk1.genblk1.lut1.genblk1.genblk1.genblk1.genblk1.genblk1.genblk1.genblk1.lut1.genblk1.genblk1.genblk1.genblk1.genblk1.genblk1.lut0.genblk1.genblk1.genblk1.genblk1.genblk1.lut1 (4 -> 0)
  Optimizing lut $abc$5075$auto$blifparse.cc:525:parse_blif$5152.genblk1.genblk1.genblk1.genblk1.genblk1.genblk1.genblk1.genblk1.lut0.genblk1.genblk1.genblk1.genblk1.genblk1.genblk1.genblk1.lut0.genblk1.genblk1.genblk1.genblk1.genblk1.genblk1.lut0.genblk1.genblk1.genblk1.genblk1.genblk1.lut1 (4 -> 0)
  Optimizing lut $abc$5075$auto$blifparse.cc:525:parse_blif$5091.genblk1.genblk1.genblk1.genblk1.genblk1.genblk1.genblk1.lut0.genblk1.genblk1.genblk1.genblk1.genblk1.genblk1.lut0.genblk1.genblk1.genblk1.genblk1.genblk1.lut0 (4 -> 0)
  Optimizing lut $abc$5075$auto$blifparse.cc:525:parse_blif$5239.genblk1.genblk1.genblk1.genblk1.genblk1.genblk1.genblk1.genblk1.lut0.genblk1.genblk1.genblk1.genblk1.genblk1.genblk1.genblk1.lut0.genblk1.genblk1.genblk1.genblk1.genblk1.genblk1.lut0.genblk1.genblk1.genblk1.genblk1.genblk1.lut0 (4 -> 0)
  Optimizing lut $abc$5075$auto$blifparse.cc:525:parse_blif$5210.genblk1.genblk1.genblk1.genblk1.genblk1.genblk1.genblk1.genblk1.lut1.genblk1.genblk1.genblk1.genblk1.genblk1.genblk1.genblk1.lut0.genblk1.genblk1.genblk1.genblk1.genblk1.genblk1.lut1.genblk1.genblk1.genblk1.genblk1.genblk1.lut0 (4 -> 1)
  Optimizing lut $abc$5075$auto$blifparse.cc:525:parse_blif$5208.genblk1.genblk1.genblk1.genblk1.genblk1.genblk1.lut0.genblk1.genblk1.genblk1.genblk1.genblk1.lut0 (4 -> 0)
  Optimizing lut $abc$5075$auto$blifparse.cc:525:parse_blif$5204.genblk1.genblk1.genblk1.genblk1.genblk1.genblk1.genblk1.genblk1.lut1.genblk1.genblk1.genblk1.genblk1.genblk1.genblk1.genblk1.lut0.genblk1.genblk1.genblk1.genblk1.genblk1.genblk1.lut0.genblk1.genblk1.genblk1.genblk1.genblk1.lut0 (4 -> 1)
  Optimizing lut $abc$5075$auto$blifparse.cc:525:parse_blif$5210.genblk1.genblk1.genblk1.genblk1.genblk1.genblk1.genblk1.genblk1.lut1.genblk1.genblk1.genblk1.genblk1.genblk1.genblk1.genblk1.lut0.genblk1.genblk1.genblk1.genblk1.genblk1.genblk1.lut1.genblk1.genblk1.genblk1.genblk1.genblk1.lut1 (4 -> 1)
  Optimizing lut $abc$5075$auto$blifparse.cc:525:parse_blif$5204.genblk1.genblk1.genblk1.genblk1.genblk1.genblk1.genblk1.genblk1.lut1.genblk1.genblk1.genblk1.genblk1.genblk1.genblk1.genblk1.lut0.genblk1.genblk1.genblk1.genblk1.genblk1.genblk1.lut1.genblk1.genblk1.genblk1.genblk1.genblk1.lut0 (4 -> 1)
  Optimizing lut $abc$5075$auto$blifparse.cc:525:parse_blif$5131.genblk1.genblk1.genblk1.genblk1.genblk1.genblk1.genblk1.genblk1.lut1.genblk1.genblk1.genblk1.genblk1.genblk1.genblk1.genblk1.lut1.genblk1.genblk1.genblk1.genblk1.genblk1.genblk1.lut0.genblk1.genblk1.genblk1.genblk1.genblk1.lut0 (4 -> 2)
  Optimizing lut $abc$5075$auto$blifparse.cc:525:parse_blif$5245.genblk1.genblk1.genblk1.genblk1.genblk1.genblk1.genblk1.genblk1.lut0.genblk1.genblk1.genblk1.genblk1.genblk1.genblk1.genblk1.lut0.genblk1.genblk1.genblk1.genblk1.genblk1.genblk1.lut1.genblk1.genblk1.genblk1.genblk1.genblk1.lut0 (4 -> 0)
  Optimizing lut $abc$5075$auto$blifparse.cc:525:parse_blif$5232.genblk1.genblk1.genblk1.genblk1.genblk1.lut0 (4 -> 0)
  Optimizing lut $abc$5075$auto$blifparse.cc:525:parse_blif$5151.genblk1.genblk1.genblk1.genblk1.genblk1.genblk1.genblk1.genblk1.lut1.genblk1.genblk1.genblk1.genblk1.genblk1.genblk1.genblk1.lut1.genblk1.genblk1.genblk1.genblk1.genblk1.genblk1.lut0.genblk1.genblk1.genblk1.genblk1.genblk1.lut0 (4 -> 0)
  Optimizing lut $abc$5075$auto$blifparse.cc:525:parse_blif$5210.genblk1.genblk1.genblk1.genblk1.genblk1.genblk1.genblk1.genblk1.lut0.genblk1.genblk1.genblk1.genblk1.genblk1.genblk1.genblk1.lut1.genblk1.genblk1.genblk1.genblk1.genblk1.genblk1.lut0.genblk1.genblk1.genblk1.genblk1.genblk1.lut0 (4 -> 0)
  Optimizing lut $abc$5075$auto$blifparse.cc:525:parse_blif$5224.genblk1.genblk1.genblk1.genblk1.genblk1.genblk1.genblk1.lut1.genblk1.genblk1.genblk1.genblk1.genblk1.genblk1.lut1.genblk1.genblk1.genblk1.genblk1.genblk1.lut1 (4 -> 1)
  Optimizing lut $abc$5075$auto$blifparse.cc:525:parse_blif$5227.genblk1.genblk1.genblk1.genblk1.genblk1.genblk1.genblk1.lut0.genblk1.genblk1.genblk1.genblk1.genblk1.genblk1.lut0.genblk1.genblk1.genblk1.genblk1.genblk1.lut1 (4 -> 2)
  Optimizing lut $abc$5075$auto$blifparse.cc:525:parse_blif$5245.genblk1.genblk1.genblk1.genblk1.genblk1.genblk1.genblk1.genblk1.lut1.genblk1.genblk1.genblk1.genblk1.genblk1.genblk1.genblk1.lut0.genblk1.genblk1.genblk1.genblk1.genblk1.genblk1.lut0.genblk1.genblk1.genblk1.genblk1.genblk1.lut1 (4 -> 0)
  Optimizing lut $abc$5075$auto$blifparse.cc:525:parse_blif$5239.genblk1.genblk1.genblk1.genblk1.genblk1.genblk1.genblk1.genblk1.lut0.genblk1.genblk1.genblk1.genblk1.genblk1.genblk1.genblk1.lut0.genblk1.genblk1.genblk1.genblk1.genblk1.genblk1.lut1.genblk1.genblk1.genblk1.genblk1.genblk1.lut0 (4 -> 0)
  Optimizing lut $abc$5075$auto$blifparse.cc:525:parse_blif$5245.genblk1.genblk1.genblk1.genblk1.genblk1.genblk1.genblk1.genblk1.lut0.genblk1.genblk1.genblk1.genblk1.genblk1.genblk1.genblk1.lut1.genblk1.genblk1.genblk1.genblk1.genblk1.genblk1.lut1.genblk1.genblk1.genblk1.genblk1.genblk1.lut0 (4 -> 0)
  Optimizing lut $abc$5075$auto$blifparse.cc:525:parse_blif$5103.genblk1.genblk1.genblk1.genblk1.genblk1.genblk1.lut0.genblk1.genblk1.genblk1.genblk1.genblk1.lut0 (4 -> 0)
  Optimizing lut $abc$5075$auto$blifparse.cc:525:parse_blif$5205.genblk1.genblk1.genblk1.genblk1.genblk1.genblk1.genblk1.genblk1.lut1.genblk1.genblk1.genblk1.genblk1.genblk1.genblk1.genblk1.lut1.genblk1.genblk1.genblk1.genblk1.genblk1.genblk1.lut0.genblk1.genblk1.genblk1.genblk1.genblk1.lut1 (4 -> 2)
  Optimizing lut $abc$5075$auto$blifparse.cc:525:parse_blif$5165.genblk1.genblk1.genblk1.genblk1.genblk1.genblk1.lut1.genblk1.genblk1.genblk1.genblk1.genblk1.lut1 (4 -> 1)
  Optimizing lut $abc$5075$auto$blifparse.cc:525:parse_blif$5112.genblk1.genblk1.genblk1.genblk1.genblk1.genblk1.genblk1.genblk1.lut1.genblk1.genblk1.genblk1.genblk1.genblk1.genblk1.genblk1.lut1.genblk1.genblk1.genblk1.genblk1.genblk1.genblk1.lut1.genblk1.genblk1.genblk1.genblk1.genblk1.lut0 (4 -> 1)
  Optimizing lut $abc$5075$auto$blifparse.cc:525:parse_blif$5142.genblk1.genblk1.genblk1.genblk1.genblk1.genblk1.lut1.genblk1.genblk1.genblk1.genblk1.genblk1.lut1 (4 -> 1)
  Optimizing lut $abc$5075$auto$blifparse.cc:525:parse_blif$5137.genblk1.genblk1.genblk1.genblk1.genblk1.genblk1.lut0.genblk1.genblk1.genblk1.genblk1.genblk1.lut0 (4 -> 0)
  Optimizing lut $abc$5075$auto$blifparse.cc:525:parse_blif$5147.genblk1.genblk1.genblk1.genblk1.genblk1.genblk1.lut0.genblk1.genblk1.genblk1.genblk1.genblk1.lut1 (4 -> 2)
  Optimizing lut $abc$5075$auto$blifparse.cc:525:parse_blif$5118.genblk1.genblk1.genblk1.genblk1.genblk1.genblk1.lut0.genblk1.genblk1.genblk1.genblk1.genblk1.lut0 (4 -> 0)
  Optimizing lut $abc$5075$auto$blifparse.cc:525:parse_blif$5137.genblk1.genblk1.genblk1.genblk1.genblk1.genblk1.lut1.genblk1.genblk1.genblk1.genblk1.genblk1.lut0 (4 -> 0)
  Optimizing lut $abc$5075$auto$blifparse.cc:525:parse_blif$5144.genblk1.genblk1.genblk1.genblk1.genblk1.genblk1.lut1.genblk1.genblk1.genblk1.genblk1.genblk1.lut0 (4 -> 0)
  Optimizing lut $abc$5075$auto$blifparse.cc:525:parse_blif$5144.genblk1.genblk1.genblk1.genblk1.genblk1.genblk1.lut1.genblk1.genblk1.genblk1.genblk1.genblk1.lut1 (4 -> 0)
  Optimizing lut $abc$5075$auto$blifparse.cc:525:parse_blif$5223.genblk1.genblk1.genblk1.genblk1.genblk1.genblk1.genblk1.genblk1.lut0.genblk1.genblk1.genblk1.genblk1.genblk1.genblk1.genblk1.lut1.genblk1.genblk1.genblk1.genblk1.genblk1.genblk1.lut1.genblk1.genblk1.genblk1.genblk1.genblk1.lut0 (4 -> 0)
  Optimizing lut $abc$5075$auto$blifparse.cc:525:parse_blif$5088.genblk1.genblk1.genblk1.genblk1.genblk1.genblk1.genblk1.genblk1.lut0.genblk1.genblk1.genblk1.genblk1.genblk1.genblk1.genblk1.lut1.genblk1.genblk1.genblk1.genblk1.genblk1.genblk1.lut0.genblk1.genblk1.genblk1.genblk1.genblk1.lut1 (4 -> 0)
  Optimizing lut $abc$5075$auto$blifparse.cc:525:parse_blif$5152.genblk1.genblk1.genblk1.genblk1.genblk1.genblk1.genblk1.genblk1.lut1.genblk1.genblk1.genblk1.genblk1.genblk1.genblk1.genblk1.lut0.genblk1.genblk1.genblk1.genblk1.genblk1.genblk1.lut0.genblk1.genblk1.genblk1.genblk1.genblk1.lut0 (4 -> 0)
  Optimizing lut $abc$5075$auto$blifparse.cc:525:parse_blif$5112.genblk1.genblk1.genblk1.genblk1.genblk1.genblk1.genblk1.genblk1.lut1.genblk1.genblk1.genblk1.genblk1.genblk1.genblk1.genblk1.lut1.genblk1.genblk1.genblk1.genblk1.genblk1.genblk1.lut1.genblk1.genblk1.genblk1.genblk1.genblk1.lut1 (4 -> 1)
  Optimizing lut $abc$5075$auto$blifparse.cc:525:parse_blif$5102.genblk1.genblk1.genblk1.genblk1.genblk1.genblk1.lut1.genblk1.genblk1.genblk1.genblk1.genblk1.lut1 (4 -> 1)
  Optimizing lut $abc$5075$auto$blifparse.cc:525:parse_blif$5205.genblk1.genblk1.genblk1.genblk1.genblk1.genblk1.genblk1.genblk1.lut1.genblk1.genblk1.genblk1.genblk1.genblk1.genblk1.genblk1.lut1.genblk1.genblk1.genblk1.genblk1.genblk1.genblk1.lut1.genblk1.genblk1.genblk1.genblk1.genblk1.lut0 (4 -> 3)
  Optimizing lut $abc$5075$auto$blifparse.cc:525:parse_blif$5118.genblk1.genblk1.genblk1.genblk1.genblk1.genblk1.lut0.genblk1.genblk1.genblk1.genblk1.genblk1.lut1 (4 -> 0)
  Optimizing lut $abc$5075$auto$blifparse.cc:525:parse_blif$5107.genblk1.genblk1.genblk1.genblk1.genblk1.genblk1.genblk1.lut0.genblk1.genblk1.genblk1.genblk1.genblk1.genblk1.lut0.genblk1.genblk1.genblk1.genblk1.genblk1.lut1 (4 -> 2)
  Optimizing lut $abc$5075$auto$blifparse.cc:525:parse_blif$5098.genblk1.genblk1.genblk1.genblk1.genblk1.genblk1.genblk1.lut1.genblk1.genblk1.genblk1.genblk1.genblk1.genblk1.lut0.genblk1.genblk1.genblk1.genblk1.genblk1.lut0 (4 -> 0)
  Optimizing lut $abc$5075$auto$blifparse.cc:525:parse_blif$5110.genblk1.genblk1.genblk1.genblk1.genblk1.genblk1.lut1.genblk1.genblk1.genblk1.genblk1.genblk1.lut0 (4 -> 0)
  Optimizing lut $abc$5075$auto$blifparse.cc:525:parse_blif$5151.genblk1.genblk1.genblk1.genblk1.genblk1.genblk1.genblk1.genblk1.lut1.genblk1.genblk1.genblk1.genblk1.genblk1.genblk1.genblk1.lut1.genblk1.genblk1.genblk1.genblk1.genblk1.genblk1.lut1.genblk1.genblk1.genblk1.genblk1.genblk1.lut1 (4 -> 2)
  Optimizing lut $abc$5075$auto$blifparse.cc:525:parse_blif$5106.genblk1.genblk1.genblk1.genblk1.genblk1.genblk1.lut0.genblk1.genblk1.genblk1.genblk1.genblk1.lut0 (4 -> 0)
  Optimizing lut $abc$5075$auto$blifparse.cc:525:parse_blif$5165.genblk1.genblk1.genblk1.genblk1.genblk1.genblk1.lut0.genblk1.genblk1.genblk1.genblk1.genblk1.lut0 (4 -> 0)
  Optimizing lut $abc$5075$auto$blifparse.cc:525:parse_blif$5107.genblk1.genblk1.genblk1.genblk1.genblk1.genblk1.genblk1.lut1.genblk1.genblk1.genblk1.genblk1.genblk1.genblk1.lut0.genblk1.genblk1.genblk1.genblk1.genblk1.lut0 (4 -> 2)
  Optimizing lut $abc$5075$auto$blifparse.cc:525:parse_blif$5174.genblk1.genblk1.genblk1.genblk1.genblk1.lut0 (4 -> 0)
  Optimizing lut $abc$5075$auto$blifparse.cc:525:parse_blif$5221.genblk1.genblk1.genblk1.genblk1.genblk1.genblk1.genblk1.genblk1.lut1.genblk1.genblk1.genblk1.genblk1.genblk1.genblk1.genblk1.lut0.genblk1.genblk1.genblk1.genblk1.genblk1.genblk1.lut0.genblk1.genblk1.genblk1.genblk1.genblk1.lut0 (4 -> 0)
  Optimizing lut $abc$5075$auto$blifparse.cc:525:parse_blif$5092.genblk1.genblk1.genblk1.genblk1.genblk1.genblk1.lut1.genblk1.genblk1.genblk1.genblk1.genblk1.lut0 (4 -> 0)
  Optimizing lut $abc$5075$auto$blifparse.cc:525:parse_blif$5131.genblk1.genblk1.genblk1.genblk1.genblk1.genblk1.genblk1.genblk1.lut0.genblk1.genblk1.genblk1.genblk1.genblk1.genblk1.genblk1.lut1.genblk1.genblk1.genblk1.genblk1.genblk1.genblk1.lut0.genblk1.genblk1.genblk1.genblk1.genblk1.lut1 (4 -> 2)
  Optimizing lut $abc$5075$auto$blifparse.cc:525:parse_blif$5114.genblk1.genblk1.genblk1.genblk1.genblk1.genblk1.genblk1.genblk1.lut1.genblk1.genblk1.genblk1.genblk1.genblk1.genblk1.genblk1.lut0.genblk1.genblk1.genblk1.genblk1.genblk1.genblk1.lut0.genblk1.genblk1.genblk1.genblk1.genblk1.lut1 (4 -> 0)
  Optimizing lut $abc$5075$auto$blifparse.cc:525:parse_blif$5226.genblk1.genblk1.genblk1.genblk1.genblk1.genblk1.genblk1.genblk1.lut1.genblk1.genblk1.genblk1.genblk1.genblk1.genblk1.genblk1.lut1.genblk1.genblk1.genblk1.genblk1.genblk1.genblk1.lut0.genblk1.genblk1.genblk1.genblk1.genblk1.lut0 (4 -> 2)
  Optimizing lut $abc$5075$auto$blifparse.cc:525:parse_blif$5237.genblk1.genblk1.genblk1.genblk1.genblk1.genblk1.genblk1.genblk1.lut1.genblk1.genblk1.genblk1.genblk1.genblk1.genblk1.genblk1.lut1.genblk1.genblk1.genblk1.genblk1.genblk1.genblk1.lut0.genblk1.genblk1.genblk1.genblk1.genblk1.lut0 (4 -> 2)
  Optimizing lut $abc$5075$auto$blifparse.cc:525:parse_blif$5108.genblk1.genblk1.genblk1.genblk1.genblk1.genblk1.genblk1.lut1.genblk1.genblk1.genblk1.genblk1.genblk1.genblk1.lut1.genblk1.genblk1.genblk1.genblk1.genblk1.lut1 (4 -> 1)
  Optimizing lut $abc$5075$auto$blifparse.cc:525:parse_blif$5223.genblk1.genblk1.genblk1.genblk1.genblk1.genblk1.genblk1.genblk1.lut0.genblk1.genblk1.genblk1.genblk1.genblk1.genblk1.genblk1.lut1.genblk1.genblk1.genblk1.genblk1.genblk1.genblk1.lut1.genblk1.genblk1.genblk1.genblk1.genblk1.lut1 (4 -> 0)
  Optimizing lut $abc$5075$auto$blifparse.cc:525:parse_blif$5152.genblk1.genblk1.genblk1.genblk1.genblk1.genblk1.genblk1.genblk1.lut0.genblk1.genblk1.genblk1.genblk1.genblk1.genblk1.genblk1.lut1.genblk1.genblk1.genblk1.genblk1.genblk1.genblk1.lut1.genblk1.genblk1.genblk1.genblk1.genblk1.lut1 (4 -> 0)
  Optimizing lut $abc$5075$auto$blifparse.cc:525:parse_blif$5090.genblk1.genblk1.genblk1.genblk1.genblk1.genblk1.genblk1.lut0.genblk1.genblk1.genblk1.genblk1.genblk1.genblk1.lut0.genblk1.genblk1.genblk1.genblk1.genblk1.lut1 (4 -> 0)
  Optimizing lut $abc$5075$auto$blifparse.cc:525:parse_blif$5239.genblk1.genblk1.genblk1.genblk1.genblk1.genblk1.genblk1.genblk1.lut0.genblk1.genblk1.genblk1.genblk1.genblk1.genblk1.genblk1.lut0.genblk1.genblk1.genblk1.genblk1.genblk1.genblk1.lut0.genblk1.genblk1.genblk1.genblk1.genblk1.lut1 (4 -> 0)
  Optimizing lut $abc$5075$auto$blifparse.cc:525:parse_blif$5223.genblk1.genblk1.genblk1.genblk1.genblk1.genblk1.genblk1.genblk1.lut0.genblk1.genblk1.genblk1.genblk1.genblk1.genblk1.genblk1.lut1.genblk1.genblk1.genblk1.genblk1.genblk1.genblk1.lut0.genblk1.genblk1.genblk1.genblk1.genblk1.lut1 (4 -> 0)
  Optimizing lut $abc$5075$auto$blifparse.cc:525:parse_blif$5246.genblk1.genblk1.genblk1.genblk1.genblk1.genblk1.genblk1.genblk1.lut1.genblk1.genblk1.genblk1.genblk1.genblk1.genblk1.genblk1.lut0.genblk1.genblk1.genblk1.genblk1.genblk1.genblk1.lut1.genblk1.genblk1.genblk1.genblk1.genblk1.lut1 (4 -> 1)
  Optimizing lut $abc$5075$auto$blifparse.cc:525:parse_blif$5089.genblk1.genblk1.genblk1.genblk1.genblk1.genblk1.lut1.genblk1.genblk1.genblk1.genblk1.genblk1.lut1 (4 -> 1)
  Optimizing lut $abc$5075$auto$blifparse.cc:525:parse_blif$5210.genblk1.genblk1.genblk1.genblk1.genblk1.genblk1.genblk1.genblk1.lut0.genblk1.genblk1.genblk1.genblk1.genblk1.genblk1.genblk1.lut0.genblk1.genblk1.genblk1.genblk1.genblk1.genblk1.lut1.genblk1.genblk1.genblk1.genblk1.genblk1.lut1 (4 -> 0)
  Optimizing lut $abc$5075$auto$blifparse.cc:525:parse_blif$5088.genblk1.genblk1.genblk1.genblk1.genblk1.genblk1.genblk1.genblk1.lut0.genblk1.genblk1.genblk1.genblk1.genblk1.genblk1.genblk1.lut1.genblk1.genblk1.genblk1.genblk1.genblk1.genblk1.lut0.genblk1.genblk1.genblk1.genblk1.genblk1.lut0 (4 -> 0)
  Optimizing lut $abc$5075$auto$blifparse.cc:525:parse_blif$5089.genblk1.genblk1.genblk1.genblk1.genblk1.genblk1.lut0.genblk1.genblk1.genblk1.genblk1.genblk1.lut0 (4 -> 0)
  Optimizing lut $abc$5075$auto$blifparse.cc:525:parse_blif$5114.genblk1.genblk1.genblk1.genblk1.genblk1.genblk1.genblk1.genblk1.lut0.genblk1.genblk1.genblk1.genblk1.genblk1.genblk1.genblk1.lut1.genblk1.genblk1.genblk1.genblk1.genblk1.genblk1.lut0.genblk1.genblk1.genblk1.genblk1.genblk1.lut1 (4 -> 0)
  Optimizing lut $abc$5075$auto$blifparse.cc:525:parse_blif$5227.genblk1.genblk1.genblk1.genblk1.genblk1.genblk1.genblk1.lut0.genblk1.genblk1.genblk1.genblk1.genblk1.genblk1.lut0.genblk1.genblk1.genblk1.genblk1.genblk1.lut0 (4 -> 2)
  Optimizing lut $abc$5075$auto$blifparse.cc:525:parse_blif$5193.genblk1.genblk1.genblk1.genblk1.genblk1.genblk1.lut0.genblk1.genblk1.genblk1.genblk1.genblk1.lut1 (4 -> 1)
  Optimizing lut $abc$5075$auto$blifparse.cc:525:parse_blif$5098.genblk1.genblk1.genblk1.genblk1.genblk1.genblk1.genblk1.lut0.genblk1.genblk1.genblk1.genblk1.genblk1.genblk1.lut1.genblk1.genblk1.genblk1.genblk1.genblk1.lut0 (4 -> 0)
  Optimizing lut $abc$5075$auto$blifparse.cc:525:parse_blif$5159.genblk1.genblk1.genblk1.genblk1.genblk1.genblk1.lut1.genblk1.genblk1.genblk1.genblk1.genblk1.lut1 (4 -> 1)
  Optimizing lut $abc$5075$auto$blifparse.cc:525:parse_blif$5100.genblk1.genblk1.genblk1.genblk1.genblk1.lut1 (4 -> 2)
  Optimizing lut $abc$5075$auto$blifparse.cc:525:parse_blif$5136.genblk1.genblk1.genblk1.genblk1.genblk1.lut0 (4 -> 2)
  Optimizing lut $abc$5075$auto$blifparse.cc:525:parse_blif$5110.genblk1.genblk1.genblk1.genblk1.genblk1.genblk1.lut0.genblk1.genblk1.genblk1.genblk1.genblk1.lut0 (4 -> 0)
  Optimizing lut $abc$5075$auto$blifparse.cc:525:parse_blif$5112.genblk1.genblk1.genblk1.genblk1.genblk1.genblk1.genblk1.genblk1.lut0.genblk1.genblk1.genblk1.genblk1.genblk1.genblk1.genblk1.lut1.genblk1.genblk1.genblk1.genblk1.genblk1.genblk1.lut1.genblk1.genblk1.genblk1.genblk1.genblk1.lut1 (4 -> 1)
  Optimizing lut $abc$5075$auto$blifparse.cc:525:parse_blif$5239.genblk1.genblk1.genblk1.genblk1.genblk1.genblk1.genblk1.genblk1.lut0.genblk1.genblk1.genblk1.genblk1.genblk1.genblk1.genblk1.lut1.genblk1.genblk1.genblk1.genblk1.genblk1.genblk1.lut1.genblk1.genblk1.genblk1.genblk1.genblk1.lut0 (4 -> 0)
  Optimizing lut $abc$5075$auto$blifparse.cc:525:parse_blif$5105.genblk1.genblk1.genblk1.genblk1.genblk1.lut1 (4 -> 1)
  Optimizing lut $abc$5075$auto$blifparse.cc:525:parse_blif$5088.genblk1.genblk1.genblk1.genblk1.genblk1.genblk1.genblk1.genblk1.lut1.genblk1.genblk1.genblk1.genblk1.genblk1.genblk1.genblk1.lut0.genblk1.genblk1.genblk1.genblk1.genblk1.genblk1.lut0.genblk1.genblk1.genblk1.genblk1.genblk1.lut0 (4 -> 0)
  Optimizing lut $abc$5075$auto$blifparse.cc:525:parse_blif$5112.genblk1.genblk1.genblk1.genblk1.genblk1.genblk1.genblk1.genblk1.lut1.genblk1.genblk1.genblk1.genblk1.genblk1.genblk1.genblk1.lut0.genblk1.genblk1.genblk1.genblk1.genblk1.genblk1.lut0.genblk1.genblk1.genblk1.genblk1.genblk1.lut1 (4 -> 1)
  Optimizing lut $abc$5075$auto$blifparse.cc:525:parse_blif$5088.genblk1.genblk1.genblk1.genblk1.genblk1.genblk1.genblk1.genblk1.lut0.genblk1.genblk1.genblk1.genblk1.genblk1.genblk1.genblk1.lut0.genblk1.genblk1.genblk1.genblk1.genblk1.genblk1.lut0.genblk1.genblk1.genblk1.genblk1.genblk1.lut0 (4 -> 0)
  Optimizing lut $abc$5075$auto$blifparse.cc:525:parse_blif$5205.genblk1.genblk1.genblk1.genblk1.genblk1.genblk1.genblk1.genblk1.lut0.genblk1.genblk1.genblk1.genblk1.genblk1.genblk1.genblk1.lut1.genblk1.genblk1.genblk1.genblk1.genblk1.genblk1.lut1.genblk1.genblk1.genblk1.genblk1.genblk1.lut0 (4 -> 2)
  Optimizing lut $abc$5075$auto$blifparse.cc:525:parse_blif$5114.genblk1.genblk1.genblk1.genblk1.genblk1.genblk1.genblk1.genblk1.lut0.genblk1.genblk1.genblk1.genblk1.genblk1.genblk1.genblk1.lut0.genblk1.genblk1.genblk1.genblk1.genblk1.genblk1.lut0.genblk1.genblk1.genblk1.genblk1.genblk1.lut1 (4 -> 0)
  Optimizing lut $abc$5075$auto$blifparse.cc:525:parse_blif$5116.genblk1.genblk1.genblk1.genblk1.genblk1.lut1 (4 -> 3)
  Optimizing lut $abc$5075$auto$blifparse.cc:525:parse_blif$5248.genblk1.genblk1.genblk1.genblk1.genblk1.genblk1.genblk1.lut1.genblk1.genblk1.genblk1.genblk1.genblk1.genblk1.lut0.genblk1.genblk1.genblk1.genblk1.genblk1.lut0 (4 -> 0)
  Optimizing lut $abc$5075$auto$blifparse.cc:525:parse_blif$5129.genblk1.genblk1.genblk1.genblk1.genblk1.lut1 (4 -> 2)
  Optimizing lut $abc$5075$auto$blifparse.cc:525:parse_blif$5131.genblk1.genblk1.genblk1.genblk1.genblk1.genblk1.genblk1.genblk1.lut0.genblk1.genblk1.genblk1.genblk1.genblk1.genblk1.genblk1.lut0.genblk1.genblk1.genblk1.genblk1.genblk1.genblk1.lut1.genblk1.genblk1.genblk1.genblk1.genblk1.lut0 (4 -> 0)
  Optimizing lut $abc$5075$auto$blifparse.cc:525:parse_blif$5221.genblk1.genblk1.genblk1.genblk1.genblk1.genblk1.genblk1.genblk1.lut1.genblk1.genblk1.genblk1.genblk1.genblk1.genblk1.genblk1.lut0.genblk1.genblk1.genblk1.genblk1.genblk1.genblk1.lut0.genblk1.genblk1.genblk1.genblk1.genblk1.lut1 (4 -> 0)
  Optimizing lut $abc$5075$auto$blifparse.cc:525:parse_blif$5145.genblk1.genblk1.genblk1.genblk1.genblk1.genblk1.genblk1.lut1.genblk1.genblk1.genblk1.genblk1.genblk1.genblk1.lut1.genblk1.genblk1.genblk1.genblk1.genblk1.lut0 (4 -> 0)
  Optimizing lut $abc$5075$auto$blifparse.cc:525:parse_blif$5223.genblk1.genblk1.genblk1.genblk1.genblk1.genblk1.genblk1.genblk1.lut0.genblk1.genblk1.genblk1.genblk1.genblk1.genblk1.genblk1.lut1.genblk1.genblk1.genblk1.genblk1.genblk1.genblk1.lut0.genblk1.genblk1.genblk1.genblk1.genblk1.lut0 (4 -> 0)
  Optimizing lut $abc$5075$auto$blifparse.cc:525:parse_blif$5138.genblk1.genblk1.genblk1.genblk1.genblk1.lut1 (4 -> 2)
  Optimizing lut $abc$5075$auto$blifparse.cc:525:parse_blif$5140.genblk1.genblk1.genblk1.genblk1.genblk1.genblk1.lut0.genblk1.genblk1.genblk1.genblk1.genblk1.lut1 (4 -> 1)
  Optimizing lut $abc$5075$auto$blifparse.cc:525:parse_blif$5114.genblk1.genblk1.genblk1.genblk1.genblk1.genblk1.genblk1.genblk1.lut0.genblk1.genblk1.genblk1.genblk1.genblk1.genblk1.genblk1.lut1.genblk1.genblk1.genblk1.genblk1.genblk1.genblk1.lut1.genblk1.genblk1.genblk1.genblk1.genblk1.lut0 (4 -> 0)
  Optimizing lut $abc$5075$auto$blifparse.cc:525:parse_blif$5143.genblk1.genblk1.genblk1.genblk1.genblk1.genblk1.lut0.genblk1.genblk1.genblk1.genblk1.genblk1.lut1 (4 -> 1)
  Optimizing lut $abc$5075$auto$blifparse.cc:525:parse_blif$5139.genblk1.genblk1.genblk1.genblk1.genblk1.genblk1.lut1.genblk1.genblk1.genblk1.genblk1.genblk1.lut0 (4 -> 0)
  Optimizing lut $abc$5075$auto$blifparse.cc:525:parse_blif$5246.genblk1.genblk1.genblk1.genblk1.genblk1.genblk1.genblk1.genblk1.lut1.genblk1.genblk1.genblk1.genblk1.genblk1.genblk1.genblk1.lut0.genblk1.genblk1.genblk1.genblk1.genblk1.genblk1.lut1.genblk1.genblk1.genblk1.genblk1.genblk1.lut0 (4 -> 0)
  Optimizing lut $abc$5075$auto$blifparse.cc:525:parse_blif$5132.genblk1.genblk1.genblk1.genblk1.genblk1.lut1 (4 -> 2)
  Optimizing lut $abc$5075$auto$blifparse.cc:525:parse_blif$5221.genblk1.genblk1.genblk1.genblk1.genblk1.genblk1.genblk1.genblk1.lut0.genblk1.genblk1.genblk1.genblk1.genblk1.genblk1.genblk1.lut1.genblk1.genblk1.genblk1.genblk1.genblk1.genblk1.lut0.genblk1.genblk1.genblk1.genblk1.genblk1.lut0 (4 -> 0)
  Optimizing lut $abc$5075$auto$blifparse.cc:525:parse_blif$5239.genblk1.genblk1.genblk1.genblk1.genblk1.genblk1.genblk1.genblk1.lut0.genblk1.genblk1.genblk1.genblk1.genblk1.genblk1.genblk1.lut1.genblk1.genblk1.genblk1.genblk1.genblk1.genblk1.lut0.genblk1.genblk1.genblk1.genblk1.genblk1.lut1 (4 -> 0)
  Optimizing lut $abc$5075$auto$blifparse.cc:525:parse_blif$5188.genblk1.genblk1.genblk1.genblk1.genblk1.genblk1.lut1.genblk1.genblk1.genblk1.genblk1.genblk1.lut0 (4 -> 0)
  Optimizing lut $abc$5075$auto$blifparse.cc:525:parse_blif$5151.genblk1.genblk1.genblk1.genblk1.genblk1.genblk1.genblk1.genblk1.lut0.genblk1.genblk1.genblk1.genblk1.genblk1.genblk1.genblk1.lut0.genblk1.genblk1.genblk1.genblk1.genblk1.genblk1.lut0.genblk1.genblk1.genblk1.genblk1.genblk1.lut1 (4 -> 0)
  Optimizing lut $abc$5075$auto$blifparse.cc:525:parse_blif$5151.genblk1.genblk1.genblk1.genblk1.genblk1.genblk1.genblk1.genblk1.lut1.genblk1.genblk1.genblk1.genblk1.genblk1.genblk1.genblk1.lut0.genblk1.genblk1.genblk1.genblk1.genblk1.genblk1.lut0.genblk1.genblk1.genblk1.genblk1.genblk1.lut1 (4 -> 0)
  Optimizing lut $abc$5075$auto$blifparse.cc:525:parse_blif$5093.genblk1.genblk1.genblk1.genblk1.genblk1.genblk1.lut0.genblk1.genblk1.genblk1.genblk1.genblk1.lut0 (4 -> 0)
  Optimizing lut $abc$5075$auto$blifparse.cc:525:parse_blif$5210.genblk1.genblk1.genblk1.genblk1.genblk1.genblk1.genblk1.genblk1.lut0.genblk1.genblk1.genblk1.genblk1.genblk1.genblk1.genblk1.lut0.genblk1.genblk1.genblk1.genblk1.genblk1.genblk1.lut0.genblk1.genblk1.genblk1.genblk1.genblk1.lut1 (4 -> 0)
  Optimizing lut $abc$5075$auto$blifparse.cc:525:parse_blif$5151.genblk1.genblk1.genblk1.genblk1.genblk1.genblk1.genblk1.genblk1.lut0.genblk1.genblk1.genblk1.genblk1.genblk1.genblk1.genblk1.lut1.genblk1.genblk1.genblk1.genblk1.genblk1.genblk1.lut0.genblk1.genblk1.genblk1.genblk1.genblk1.lut1 (4 -> 0)
  Optimizing lut $abc$5075$auto$blifparse.cc:525:parse_blif$5130.genblk1.genblk1.genblk1.genblk1.genblk1.lut1 (4 -> 2)
  Optimizing lut $abc$5075$auto$blifparse.cc:525:parse_blif$5163.genblk1.genblk1.genblk1.genblk1.genblk1.genblk1.lut0.genblk1.genblk1.genblk1.genblk1.genblk1.lut1 (4 -> 1)
  Optimizing lut $abc$5075$auto$blifparse.cc:525:parse_blif$5164.genblk1.genblk1.genblk1.genblk1.genblk1.genblk1.lut1.genblk1.genblk1.genblk1.genblk1.genblk1.lut1 (4 -> 1)
  Optimizing lut $abc$5075$auto$blifparse.cc:525:parse_blif$5106.genblk1.genblk1.genblk1.genblk1.genblk1.genblk1.lut1.genblk1.genblk1.genblk1.genblk1.genblk1.lut1 (4 -> 1)
  Optimizing lut $abc$5075$auto$blifparse.cc:525:parse_blif$5242.genblk1.genblk1.genblk1.genblk1.genblk1.genblk1.genblk1.genblk1.lut1.genblk1.genblk1.genblk1.genblk1.genblk1.genblk1.genblk1.lut0.genblk1.genblk1.genblk1.genblk1.genblk1.genblk1.lut0.genblk1.genblk1.genblk1.genblk1.genblk1.lut0 (4 -> 1)
  Optimizing lut $abc$5075$auto$blifparse.cc:525:parse_blif$5103.genblk1.genblk1.genblk1.genblk1.genblk1.genblk1.lut1.genblk1.genblk1.genblk1.genblk1.genblk1.lut0 (4 -> 0)
  Optimizing lut $abc$5075$auto$blifparse.cc:525:parse_blif$5162.genblk1.genblk1.genblk1.genblk1.genblk1.lut1 (4 -> 2)
  Optimizing lut $abc$5075$auto$blifparse.cc:525:parse_blif$5239.genblk1.genblk1.genblk1.genblk1.genblk1.genblk1.genblk1.genblk1.lut0.genblk1.genblk1.genblk1.genblk1.genblk1.genblk1.genblk1.lut1.genblk1.genblk1.genblk1.genblk1.genblk1.genblk1.lut0.genblk1.genblk1.genblk1.genblk1.genblk1.lut0 (4 -> 0)
  Optimizing lut $abc$5075$auto$blifparse.cc:525:parse_blif$5135.genblk1.genblk1.genblk1.genblk1.genblk1.lut1 (4 -> 0)
  Optimizing lut $abc$5075$auto$blifparse.cc:525:parse_blif$5119.genblk1.genblk1.genblk1.genblk1.genblk1.lut0 (4 -> 2)
  Optimizing lut $abc$5075$auto$blifparse.cc:525:parse_blif$5211.genblk1.genblk1.genblk1.genblk1.genblk1.genblk1.genblk1.lut0.genblk1.genblk1.genblk1.genblk1.genblk1.genblk1.lut1.genblk1.genblk1.genblk1.genblk1.genblk1.lut0 (4 -> 0)
  Optimizing lut $abc$5075$auto$blifparse.cc:525:parse_blif$5176.genblk1.genblk1.genblk1.genblk1.genblk1.lut1 (4 -> 0)
  Optimizing lut $abc$5075$auto$blifparse.cc:525:parse_blif$5223.genblk1.genblk1.genblk1.genblk1.genblk1.genblk1.genblk1.genblk1.lut1.genblk1.genblk1.genblk1.genblk1.genblk1.genblk1.genblk1.lut0.genblk1.genblk1.genblk1.genblk1.genblk1.genblk1.lut1.genblk1.genblk1.genblk1.genblk1.genblk1.lut0 (4 -> 1)
  Optimizing lut $abc$5075$auto$blifparse.cc:525:parse_blif$5156.genblk1.genblk1.genblk1.genblk1.genblk1.genblk1.lut1.genblk1.genblk1.genblk1.genblk1.genblk1.lut1 (4 -> 1)
  Optimizing lut $abc$5075$auto$blifparse.cc:525:parse_blif$5191.genblk1.genblk1.genblk1.genblk1.genblk1.genblk1.lut1.genblk1.genblk1.genblk1.genblk1.genblk1.lut1 (4 -> 1)
  Optimizing lut $abc$5075$auto$blifparse.cc:525:parse_blif$5224.genblk1.genblk1.genblk1.genblk1.genblk1.genblk1.genblk1.lut1.genblk1.genblk1.genblk1.genblk1.genblk1.genblk1.lut0.genblk1.genblk1.genblk1.genblk1.genblk1.lut0 (4 -> 0)
  Optimizing lut $abc$5075$auto$blifparse.cc:525:parse_blif$5204.genblk1.genblk1.genblk1.genblk1.genblk1.genblk1.genblk1.genblk1.lut0.genblk1.genblk1.genblk1.genblk1.genblk1.genblk1.genblk1.lut0.genblk1.genblk1.genblk1.genblk1.genblk1.genblk1.lut1.genblk1.genblk1.genblk1.genblk1.genblk1.lut1 (4 -> 0)
  Optimizing lut $abc$5075$auto$blifparse.cc:525:parse_blif$5167.genblk1.genblk1.genblk1.genblk1.genblk1.genblk1.genblk1.lut0.genblk1.genblk1.genblk1.genblk1.genblk1.genblk1.lut1.genblk1.genblk1.genblk1.genblk1.genblk1.lut0 (4 -> 0)
  Optimizing lut $abc$5075$auto$blifparse.cc:525:parse_blif$5098.genblk1.genblk1.genblk1.genblk1.genblk1.genblk1.genblk1.lut0.genblk1.genblk1.genblk1.genblk1.genblk1.genblk1.lut0.genblk1.genblk1.genblk1.genblk1.genblk1.lut1 (4 -> 2)
  Optimizing lut $abc$5075$auto$blifparse.cc:525:parse_blif$5204.genblk1.genblk1.genblk1.genblk1.genblk1.genblk1.genblk1.genblk1.lut0.genblk1.genblk1.genblk1.genblk1.genblk1.genblk1.genblk1.lut0.genblk1.genblk1.genblk1.genblk1.genblk1.genblk1.lut0.genblk1.genblk1.genblk1.genblk1.genblk1.lut1 (4 -> 0)
  Optimizing lut $abc$5075$auto$blifparse.cc:525:parse_blif$5239.genblk1.genblk1.genblk1.genblk1.genblk1.genblk1.genblk1.genblk1.lut0.genblk1.genblk1.genblk1.genblk1.genblk1.genblk1.genblk1.lut1.genblk1.genblk1.genblk1.genblk1.genblk1.genblk1.lut1.genblk1.genblk1.genblk1.genblk1.genblk1.lut1 (4 -> 0)
  Optimizing lut $abc$5075$auto$blifparse.cc:525:parse_blif$5161.genblk1.genblk1.genblk1.genblk1.genblk1.genblk1.lut1.genblk1.genblk1.genblk1.genblk1.genblk1.lut1 (4 -> 1)
  Optimizing lut $abc$5075$auto$blifparse.cc:525:parse_blif$5204.genblk1.genblk1.genblk1.genblk1.genblk1.genblk1.genblk1.genblk1.lut1.genblk1.genblk1.genblk1.genblk1.genblk1.genblk1.genblk1.lut1.genblk1.genblk1.genblk1.genblk1.genblk1.genblk1.lut1.genblk1.genblk1.genblk1.genblk1.genblk1.lut0 (4 -> 2)
  Optimizing lut $abc$5075$auto$blifparse.cc:525:parse_blif$5159.genblk1.genblk1.genblk1.genblk1.genblk1.genblk1.lut1.genblk1.genblk1.genblk1.genblk1.genblk1.lut0 (4 -> 0)
  Optimizing lut $abc$5075$auto$blifparse.cc:525:parse_blif$5242.genblk1.genblk1.genblk1.genblk1.genblk1.genblk1.genblk1.genblk1.lut0.genblk1.genblk1.genblk1.genblk1.genblk1.genblk1.genblk1.lut0.genblk1.genblk1.genblk1.genblk1.genblk1.genblk1.lut0.genblk1.genblk1.genblk1.genblk1.genblk1.lut0 (4 -> 0)
  Optimizing lut $abc$5075$auto$blifparse.cc:525:parse_blif$5152.genblk1.genblk1.genblk1.genblk1.genblk1.genblk1.genblk1.genblk1.lut1.genblk1.genblk1.genblk1.genblk1.genblk1.genblk1.genblk1.lut1.genblk1.genblk1.genblk1.genblk1.genblk1.genblk1.lut1.genblk1.genblk1.genblk1.genblk1.genblk1.lut1 (4 -> 1)
  Optimizing lut $abc$5075$auto$blifparse.cc:525:parse_blif$5151.genblk1.genblk1.genblk1.genblk1.genblk1.genblk1.genblk1.genblk1.lut0.genblk1.genblk1.genblk1.genblk1.genblk1.genblk1.genblk1.lut1.genblk1.genblk1.genblk1.genblk1.genblk1.genblk1.lut1.genblk1.genblk1.genblk1.genblk1.genblk1.lut0 (4 -> 0)
  Optimizing lut $abc$5075$auto$blifparse.cc:525:parse_blif$5114.genblk1.genblk1.genblk1.genblk1.genblk1.genblk1.genblk1.genblk1.lut0.genblk1.genblk1.genblk1.genblk1.genblk1.genblk1.genblk1.lut0.genblk1.genblk1.genblk1.genblk1.genblk1.genblk1.lut1.genblk1.genblk1.genblk1.genblk1.genblk1.lut0 (4 -> 0)
  Optimizing lut $abc$5075$auto$blifparse.cc:525:parse_blif$5248.genblk1.genblk1.genblk1.genblk1.genblk1.genblk1.genblk1.lut1.genblk1.genblk1.genblk1.genblk1.genblk1.genblk1.lut1.genblk1.genblk1.genblk1.genblk1.genblk1.lut0 (4 -> 0)
  Optimizing lut $abc$5075$auto$blifparse.cc:525:parse_blif$5151.genblk1.genblk1.genblk1.genblk1.genblk1.genblk1.genblk1.genblk1.lut1.genblk1.genblk1.genblk1.genblk1.genblk1.genblk1.genblk1.lut0.genblk1.genblk1.genblk1.genblk1.genblk1.genblk1.lut0.genblk1.genblk1.genblk1.genblk1.genblk1.lut0 (4 -> 0)
  Optimizing lut $abc$5075$auto$blifparse.cc:525:parse_blif$5145.genblk1.genblk1.genblk1.genblk1.genblk1.genblk1.genblk1.lut1.genblk1.genblk1.genblk1.genblk1.genblk1.genblk1.lut0.genblk1.genblk1.genblk1.genblk1.genblk1.lut1 (4 -> 0)
  Optimizing lut $abc$5075$auto$blifparse.cc:525:parse_blif$5221.genblk1.genblk1.genblk1.genblk1.genblk1.genblk1.genblk1.genblk1.lut0.genblk1.genblk1.genblk1.genblk1.genblk1.genblk1.genblk1.lut0.genblk1.genblk1.genblk1.genblk1.genblk1.genblk1.lut0.genblk1.genblk1.genblk1.genblk1.genblk1.lut1 (4 -> 0)
  Optimizing lut $abc$5075$auto$blifparse.cc:525:parse_blif$5223.genblk1.genblk1.genblk1.genblk1.genblk1.genblk1.genblk1.genblk1.lut1.genblk1.genblk1.genblk1.genblk1.genblk1.genblk1.genblk1.lut0.genblk1.genblk1.genblk1.genblk1.genblk1.genblk1.lut1.genblk1.genblk1.genblk1.genblk1.genblk1.lut1 (4 -> 1)
  Optimizing lut $abc$5075$auto$blifparse.cc:525:parse_blif$5246.genblk1.genblk1.genblk1.genblk1.genblk1.genblk1.genblk1.genblk1.lut1.genblk1.genblk1.genblk1.genblk1.genblk1.genblk1.genblk1.lut1.genblk1.genblk1.genblk1.genblk1.genblk1.genblk1.lut0.genblk1.genblk1.genblk1.genblk1.genblk1.lut0 (4 -> 0)
  Optimizing lut $abc$5075$auto$blifparse.cc:525:parse_blif$5226.genblk1.genblk1.genblk1.genblk1.genblk1.genblk1.genblk1.genblk1.lut1.genblk1.genblk1.genblk1.genblk1.genblk1.genblk1.genblk1.lut0.genblk1.genblk1.genblk1.genblk1.genblk1.genblk1.lut0.genblk1.genblk1.genblk1.genblk1.genblk1.lut1 (4 -> 1)
  Optimizing lut $abc$5075$auto$blifparse.cc:525:parse_blif$5226.genblk1.genblk1.genblk1.genblk1.genblk1.genblk1.genblk1.genblk1.lut0.genblk1.genblk1.genblk1.genblk1.genblk1.genblk1.genblk1.lut0.genblk1.genblk1.genblk1.genblk1.genblk1.genblk1.lut0.genblk1.genblk1.genblk1.genblk1.genblk1.lut1 (4 -> 0)
  Optimizing lut $abc$5075$auto$blifparse.cc:525:parse_blif$5113.genblk1.genblk1.genblk1.genblk1.genblk1.genblk1.genblk1.lut1.genblk1.genblk1.genblk1.genblk1.genblk1.genblk1.lut1.genblk1.genblk1.genblk1.genblk1.genblk1.lut0 (4 -> 0)
  Optimizing lut $abc$5075$auto$blifparse.cc:525:parse_blif$5246.genblk1.genblk1.genblk1.genblk1.genblk1.genblk1.genblk1.genblk1.lut0.genblk1.genblk1.genblk1.genblk1.genblk1.genblk1.genblk1.lut1.genblk1.genblk1.genblk1.genblk1.genblk1.genblk1.lut1.genblk1.genblk1.genblk1.genblk1.genblk1.lut0 (4 -> 0)
  Optimizing lut $abc$5075$auto$blifparse.cc:525:parse_blif$5221.genblk1.genblk1.genblk1.genblk1.genblk1.genblk1.genblk1.genblk1.lut1.genblk1.genblk1.genblk1.genblk1.genblk1.genblk1.genblk1.lut1.genblk1.genblk1.genblk1.genblk1.genblk1.genblk1.lut1.genblk1.genblk1.genblk1.genblk1.genblk1.lut1 (4 -> 1)
  Optimizing lut $abc$5075$auto$blifparse.cc:525:parse_blif$5235.genblk1.genblk1.genblk1.genblk1.genblk1.genblk1.genblk1.lut0.genblk1.genblk1.genblk1.genblk1.genblk1.genblk1.lut1.genblk1.genblk1.genblk1.genblk1.genblk1.lut1 (4 -> 0)
  Optimizing lut $abc$5075$auto$blifparse.cc:525:parse_blif$5237.genblk1.genblk1.genblk1.genblk1.genblk1.genblk1.genblk1.genblk1.lut1.genblk1.genblk1.genblk1.genblk1.genblk1.genblk1.genblk1.lut0.genblk1.genblk1.genblk1.genblk1.genblk1.genblk1.lut1.genblk1.genblk1.genblk1.genblk1.genblk1.lut0 (4 -> 1)
  Optimizing lut $abc$5075$auto$blifparse.cc:525:parse_blif$5237.genblk1.genblk1.genblk1.genblk1.genblk1.genblk1.genblk1.genblk1.lut1.genblk1.genblk1.genblk1.genblk1.genblk1.genblk1.genblk1.lut0.genblk1.genblk1.genblk1.genblk1.genblk1.genblk1.lut0.genblk1.genblk1.genblk1.genblk1.genblk1.lut1 (4 -> 1)
  Optimizing lut $abc$5075$auto$blifparse.cc:525:parse_blif$5237.genblk1.genblk1.genblk1.genblk1.genblk1.genblk1.genblk1.genblk1.lut0.genblk1.genblk1.genblk1.genblk1.genblk1.genblk1.genblk1.lut0.genblk1.genblk1.genblk1.genblk1.genblk1.genblk1.lut0.genblk1.genblk1.genblk1.genblk1.genblk1.lut1 (4 -> 0)
  Optimizing lut $abc$5075$auto$blifparse.cc:525:parse_blif$5239.genblk1.genblk1.genblk1.genblk1.genblk1.genblk1.genblk1.genblk1.lut1.genblk1.genblk1.genblk1.genblk1.genblk1.genblk1.genblk1.lut0.genblk1.genblk1.genblk1.genblk1.genblk1.genblk1.lut0.genblk1.genblk1.genblk1.genblk1.genblk1.lut1 (4 -> 1)
  Optimizing lut $abc$5075$auto$blifparse.cc:525:parse_blif$5088.genblk1.genblk1.genblk1.genblk1.genblk1.genblk1.genblk1.genblk1.lut0.genblk1.genblk1.genblk1.genblk1.genblk1.genblk1.genblk1.lut0.genblk1.genblk1.genblk1.genblk1.genblk1.genblk1.lut0.genblk1.genblk1.genblk1.genblk1.genblk1.lut1 (4 -> 0)
  Optimizing lut $abc$5075$auto$blifparse.cc:525:parse_blif$5242.genblk1.genblk1.genblk1.genblk1.genblk1.genblk1.genblk1.genblk1.lut1.genblk1.genblk1.genblk1.genblk1.genblk1.genblk1.genblk1.lut0.genblk1.genblk1.genblk1.genblk1.genblk1.genblk1.lut0.genblk1.genblk1.genblk1.genblk1.genblk1.lut1 (4 -> 1)
  Optimizing lut $abc$5075$auto$blifparse.cc:525:parse_blif$5242.genblk1.genblk1.genblk1.genblk1.genblk1.genblk1.genblk1.genblk1.lut0.genblk1.genblk1.genblk1.genblk1.genblk1.genblk1.genblk1.lut0.genblk1.genblk1.genblk1.genblk1.genblk1.genblk1.lut0.genblk1.genblk1.genblk1.genblk1.genblk1.lut1 (4 -> 0)
  Optimizing lut $abc$5075$auto$blifparse.cc:525:parse_blif$5113.genblk1.genblk1.genblk1.genblk1.genblk1.genblk1.genblk1.lut1.genblk1.genblk1.genblk1.genblk1.genblk1.genblk1.lut0.genblk1.genblk1.genblk1.genblk1.genblk1.lut0 (4 -> 0)
  Optimizing lut $abc$5075$auto$blifparse.cc:525:parse_blif$5112.genblk1.genblk1.genblk1.genblk1.genblk1.genblk1.genblk1.genblk1.lut0.genblk1.genblk1.genblk1.genblk1.genblk1.genblk1.genblk1.lut1.genblk1.genblk1.genblk1.genblk1.genblk1.genblk1.lut0.genblk1.genblk1.genblk1.genblk1.genblk1.lut0 (4 -> 1)
  Optimizing lut $abc$5075$auto$blifparse.cc:525:parse_blif$5245.genblk1.genblk1.genblk1.genblk1.genblk1.genblk1.genblk1.genblk1.lut0.genblk1.genblk1.genblk1.genblk1.genblk1.genblk1.genblk1.lut0.genblk1.genblk1.genblk1.genblk1.genblk1.genblk1.lut0.genblk1.genblk1.genblk1.genblk1.genblk1.lut1 (4 -> 0)
  Optimizing lut $abc$5075$auto$blifparse.cc:525:parse_blif$5246.genblk1.genblk1.genblk1.genblk1.genblk1.genblk1.genblk1.genblk1.lut0.genblk1.genblk1.genblk1.genblk1.genblk1.genblk1.genblk1.lut0.genblk1.genblk1.genblk1.genblk1.genblk1.genblk1.lut0.genblk1.genblk1.genblk1.genblk1.genblk1.lut1 (4 -> 0)
  Optimizing lut $abc$5075$auto$blifparse.cc:525:parse_blif$5167.genblk1.genblk1.genblk1.genblk1.genblk1.genblk1.genblk1.lut1.genblk1.genblk1.genblk1.genblk1.genblk1.genblk1.lut0.genblk1.genblk1.genblk1.genblk1.genblk1.lut1 (4 -> 0)
  Optimizing lut $abc$5075$auto$blifparse.cc:525:parse_blif$5239.genblk1.genblk1.genblk1.genblk1.genblk1.genblk1.genblk1.genblk1.lut1.genblk1.genblk1.genblk1.genblk1.genblk1.genblk1.genblk1.lut1.genblk1.genblk1.genblk1.genblk1.genblk1.genblk1.lut0.genblk1.genblk1.genblk1.genblk1.genblk1.lut0 (4 -> 2)
  Optimizing lut $abc$5075$auto$blifparse.cc:525:parse_blif$5094.genblk1.genblk1.genblk1.genblk1.genblk1.genblk1.lut1.genblk1.genblk1.genblk1.genblk1.genblk1.lut0 (4 -> 0)
  Optimizing lut $abc$5075$auto$blifparse.cc:525:parse_blif$5203.genblk1.genblk1.genblk1.genblk1.genblk1.genblk1.lut1.genblk1.genblk1.genblk1.genblk1.genblk1.lut0 (4 -> 0)
  Optimizing lut $abc$5075$auto$blifparse.cc:525:parse_blif$5227.genblk1.genblk1.genblk1.genblk1.genblk1.genblk1.genblk1.lut1.genblk1.genblk1.genblk1.genblk1.genblk1.genblk1.lut0.genblk1.genblk1.genblk1.genblk1.genblk1.lut0 (4 -> 2)

11.24. Executing SETUNDEF pass (replace undef values with defined constants).

11.25. Executing HILOMAP pass (mapping to constant drivers).
Removed 0 unused cells and 2629 unused wires.

11.26. Executing AUTONAME pass.
Renamed 81579 objects in module top (157 iterations).
<suppressed ~3003 debug messages>

11.27. Executing HIERARCHY pass (managing design hierarchy).

11.27.1. Analyzing design hierarchy..
Top module:  \top

11.27.2. Analyzing design hierarchy..
Top module:  \top
Removed 0 unused modules.

11.28. Printing statistics.

=== top ===

   Number of wires:               1419
   Number of wire bits:           2976
   Number of public wires:        1419
   Number of public wire bits:    2976
   Number of memories:               0
   Number of memory bits:            0
   Number of processes:              0
   Number of cells:               1691
     ALU                           297
     DFF                             5
     DFFR                           41
     DFFRE                          38
     GND                             1
     IBUF                            6
     LUT1                          479
     LUT2                          128
     LUT3                           42
     LUT4                          141
     MUX2_LUT5                     295
     MUX2_LUT6                     136
     MUX2_LUT7                      50
     MUX2_LUT8                      17
     OBUF                           14
     VCC                             1

11.29. Executing CHECK pass (checking for obvious problems).
Checking module top...
Found and reported 0 problems.

11.30. Executing JSON backend.

End of script. Logfile hash: 3f5a38d60c
Yosys 0.26+1 (git sha1 b1a011138, x86_64-w64-mingw32-g++ 9.2.1 -Os)
Time spent: 1% 24x opt_expr (0 sec), 1% 22x opt_clean (0 sec), ...
